feature,gain,splits,mean_abs_shap
cc_edges_total,3319.0311774872243,121.6,0.47834855490468714
cc_n_partners,1617.9612258911134,36.0,0.1831621506670677
cc_n_cells_e1,1046.417650914192,28.0,0.3601638434522578
deg_n_celltypes_sig,829.8653710603714,46.2,0.14185715463100776
deg_pooled_log2fc,775.2812358856202,36.6,0.1404625487950345
cc_edges_e2,672.7417525291443,15.4,0.0952654718111114
cc_n_celltypes_total,620.9969866752624,31.6,0.10854649970791169
deg_pct_diff,358.8286718726158,15.8,0.07194986312578425
deg_log2fc,201.8634807944298,8.2,0.04731668403711222
cc_n_cells_e2,184.2833203315735,7.6,0.0645533627860497
cc_max_prob,166.23080822229386,11.6,0.020905848183215253
cc_cross_compartment_edges,124.10112609863282,6.8,0.01574336734939516
deg_neglog10_padj,105.67746839523315,8.8,0.012863496247900324
cc_mean_prob,100.34317016601562,7.8,0.021042153312001932
deg_pct_e1,93.60290975570679,7.6,0.021577753721136902
cc_is_ligand,78.31362400054931,6.4,0.041957029216305314
deg_cc_concordance,71.6757239818573,3.2,0.021453428356590105
deg_pct_e2,68.53835988044739,6.2,0.010396707582271882
deg_abs_log2fc,64.38175642490387,4.8,0.00753295708967538
cc_n_pathways_total,49.54787454605103,4.0,0.003237388664300107
cc_edges_e1,40.86588740348816,3.4,0.013107153269302478
cc_ephys_bias,37.768879127502444,1.8,0.004103973167895799
ctx_min_n,29.74905195236206,2.2,0.012046792291472645
ctx_n_e1,27.40527398586273,2.4,0.012129455782831415
cc_edges,23.898157787322997,1.2,0.004869236000247783
cc_rec_edges,23.671260166168214,2.2,0.004715260368917853
rule_pass,21.132160186767578,0.8,0.007783082793493485
ctx_n_e2,21.039603900909423,1.4,0.0022571295439558397
deg_other_idh_same_dir,16.76156005859375,1.0,0.005950360224099151
cc_is_receptor,15.277105927467346,1.8,0.003887300354845288
cc_lig_edges,11.869614028930664,1.0,0.0019034118241881138
cc_max_pval,10.106480026245118,0.6,0.003983464257159344
cc_n_pathways,7.111660003662109,0.2,0.0020822397481422236
idh_mutant,6.948591947555542,1.0,0.0025403758446234273
deg_other_idh_sig,5.218919944763184,0.4,0.002673240614339707
deg_dir,4.816239929199218,0.2,0.0016248015033167073
deg_is_sig,0.0,0.0,0.0
deg_pooled_sig,0.0,0.0,0.0
ctx_low_n,0.0,0.0,0.0
