rank,gene,celltype_id,IDH_status,compartment,deg_is_sig,deg_log2fc,deg_abs_log2fc,deg_neglog10_padj,deg_pct_e2,deg_pct_e1,deg_pct_diff,deg_dir,deg_other_idh_sig,deg_other_idh_same_dir,deg_pooled_log2fc,deg_pooled_sig,deg_n_celltypes_sig,cc_lig_edges,cc_rec_edges,cc_edges_e2,cc_edges_e1,cc_max_prob,cc_mean_prob,cc_max_pval,cc_n_pathways,cc_n_partners,cc_cross_compartment_edges,cc_edges,cc_ephys_bias,cc_edges_total,cc_is_ligand,cc_is_receptor,cc_n_pathways_total,cc_n_celltypes_total,cc_n_cells_e1,cc_n_cells_e2,ctx_n_e1,ctx_n_e2,ctx_min_n,ctx_low_n,deg_cc_concordance,idh_mutant,rule_pass,lit_tier,lit_compartments,lit_hypothesis,lit_reference,label,score,score_sd,top_reasons,status,gene_rank
1,GRIA4,cycling_tumor,IDH_Mutant,tumor,1.0,3.821438449183044,3.821438449183044,38.10029134533499,0.654,0.026,0.628,1.0,1.0,1.0,1.8628651002395609,1.0,4.0,0.0,3.0,3.0,0.0,0.0081863349032921,0.003932559284510067,0.0,1.0,2.0,1.0,3.0,1.0,15,0,1,1,4,6410,814,270,136,136,0,1.0,1,1,2.0,tumor,neuron_tumor,"AMPAR subunit family; Venkatesh et al., Nature 2019",1,0.947632640513637,0.015906681202371556,cc_edges_total=15 (+0.96); cc_n_partners=2 (+0.84); deg_pooled_log2fc=1.86 (+0.50),literature tier 2 (label),1
6,NLGN1,cycling_tumor,IDH_WT,tumor,1.0,1.8692054620801803,1.8692054620801803,214.48714471695223,0.472,0.062,0.41,1.0,1.0,1.0,2.041365180521054,1.0,2.0,0.0,6.0,6.0,0.0,0.0149916283128588,0.004876576865905467,0.0,1.0,4.0,0.0,6.0,1.0,18,0,1,1,3,6410,814,5847,663,663,0,1.0,0,1,2.0,tumor,neuron_tumor,Neuroligin family (pathway-level),1,0.8765866743605084,0.02276835964630331,cc_edges_total=18 (+1.00); deg_pooled_log2fc=2.04 (+0.46); cc_n_partners=4 (+0.36),literature tier 2 (label),2
7,PTPRZ1,cycling_tumor,IDH_WT,tumor,1.0,2.072682953667877,2.072682953667877,201.28664276591905,0.941,0.403,0.5379999999999999,1.0,1.0,1.0,2.045027084086322,1.0,5.0,0.0,17.0,10.0,7.0,0.2412077448909423,0.11252141689864227,0.0,2.0,5.0,1.0,17.0,0.17647058823529413,77,0,1,2,4,6410,814,5847,663,663,0,0.17647058823529413,0,1,1.0,tumor,myeloid_bridge,"Shi et al., Cell Stem Cell 2017",1,0.875501278030818,0.03528433581831449,cc_edges_total=77 (+0.78); deg_pooled_log2fc=2.05 (+0.50); deg_n_celltypes_sig=5 (+0.41),literature tier 1 (label),3
10,NCL,cycling_tumor,IDH_WT,tumor,1.0,0.9511838022011868,0.9511838022011868,81.64712147971439,0.908,0.51,0.398,1.0,1.0,1.0,0.8838980851522424,1.0,2.0,0.0,16.0,9.0,7.0,0.1944223049077292,0.11037823575024061,0.0,2.0,4.0,0.0,16.0,0.125,70,0,1,2,7,6410,814,5847,663,663,0,0.125,0,1,,,,,0,0.8510007974969247,0.05602448572393647,cc_edges_total=70 (+0.66); cc_n_cells_e1=6.41e+03 (+0.22); deg_pct_diff=0.398 (+0.19),novel,4
11,PDGFRA,cycling_tumor,IDH_WT,tumor,1.0,4.463580373741013,4.463580373741013,300.0,0.664,0.036,0.628,1.0,1.0,1.0,3.948858685997316,1.0,4.0,0.0,2.0,2.0,0.0,0.0119692946711039,0.0077375447327477,0.0,1.0,2.0,1.0,2.0,1.0,6,0,1,1,3,6410,814,5847,663,663,0,1.0,0,1,1.0,tumor,growth,"Brennan et al., Cell 2013; Verhaak et al., Cancer Cell 2010",1,0.8494947195537106,0.05174246043603201,cc_n_partners=2 (+0.84); deg_pooled_log2fc=3.95 (+0.53); deg_n_celltypes_sig=4 (+0.35),literature tier 1 (label),5
12,CNTN1,cycling_tumor,IDH_WT,tumor,1.0,4.193702883339663,4.193702883339663,300.0,0.428,0.015,0.413,1.0,1.0,1.0,3.9210720403512047,1.0,4.0,8.0,0.0,8.0,0.0,0.0116509341895663,0.003926612890837995,0.0,1.0,4.0,0.0,8.0,1.0,16,1,0,1,2,6410,814,5847,663,663,0,1.0,0,1,2.0,tumor,neuron_tumor,Synaptic adhesion (pathway-level),1,0.8448798767162515,0.06857556886269287,cc_edges_total=16 (+0.99); deg_pooled_log2fc=3.92 (+0.42); cc_n_partners=4 (+0.39),literature tier 2 (label),6
14,GRIK2,cycling_tumor,IDH_WT,tumor,1.0,4.528205178189482,4.528205178189482,300.0,0.389,0.012,0.377,1.0,1.0,1.0,4.631978706508267,1.0,2.0,0.0,3.0,3.0,0.0,0.0065597772960454,0.0031500068338564404,0.0,1.0,2.0,1.0,3.0,1.0,6,0,1,1,2,6410,814,5847,663,663,0,1.0,0,1,,,,,0,0.8437690172560567,0.03704041564230604,cc_n_partners=2 (+0.85); deg_pooled_log2fc=4.63 (+0.38); cc_edges_e2=3 (+0.26),novel,7
16,BSG,cycling_tumor,IDH_WT,tumor,1.0,1.634504647128292,1.634504647128292,200.83427001293353,0.851,0.25,0.601,1.0,0.0,0.0,1.472420085272131,1.0,3.0,0.0,13.0,13.0,0.0,0.1356608701322122,0.10899925749619775,0.0,1.0,7.0,5.0,13.0,1.0,56,0,1,1,4,6410,814,5847,663,663,0,1.0,0,1,,,,,0,0.8390054176060507,0.05993477231075977,cc_edges_total=56 (+0.73); deg_pooled_log2fc=1.47 (+0.40); cc_n_partners=7 (+0.23),novel,8
17,NRXN1,cycling_tumor,IDH_Mutant,tumor,1.0,3.708429971077246,3.708429971077246,44.15627315584702,0.779,0.048,0.731,1.0,1.0,1.0,2.043076640812517,1.0,3.0,10.0,0.0,10.0,0.0,0.0028593048615199,0.0017488561969960198,0.0,1.0,3.0,0.0,10.0,1.0,50,1,0,1,4,6410,814,270,136,136,0,1.0,1,1,2.0,tumor,neuron_tumor,Presynaptic partner of NLGN3 (pathway-level),1,0.8381157273590244,0.03937775700158988,cc_edges_total=50 (+1.21); deg_pooled_log2fc=2.04 (+0.43); cc_n_partners=3 (+0.42),literature tier 2 (label),9
20,NCAM1,OPC_GABA_like_tumor,IDH_WT,tumor,1.0,1.9092615944633489,1.9092615944633489,300.0,0.761,0.194,0.567,1.0,1.0,1.0,1.8163051390488365,1.0,4.0,12.0,10.0,11.0,11.0,0.0937493977547745,0.022859245563446106,0.0,1.0,4.0,0.0,22.0,0.0,55,1,1,1,4,6741,14114,5040,1935,1935,0,0.0,0,1,2.0,tumor,neuron_tumor,Synaptic adhesion (pathway-level),1,0.8303102960702022,0.04619292553299879,cc_edges_total=55 (+0.85); deg_pooled_log2fc=1.82 (+0.45); deg_n_celltypes_sig=4 (+0.42),literature tier 2 (label),10
25,MPZL1,cycling_tumor,IDH_WT,tumor,1.0,2.127937477347736,2.127937477347736,191.79615545642392,0.493,0.081,0.412,1.0,0.0,0.0,1.8598006636625044,1.0,4.0,2.0,2.0,4.0,0.0,0.0023450528994386,0.0022104610097024,0.0,1.0,2.0,2.0,4.0,1.0,8,1,1,1,2,6410,814,5847,663,663,0,1.0,0,1,,,,,0,0.8240047154413735,0.03981969361480019,cc_n_partners=2 (+0.85); deg_pooled_log2fc=1.86 (+0.42); deg_n_celltypes_sig=4 (+0.35),novel,11
42,CDH2,cycling_tumor,IDH_Mutant,tumor,1.0,2.6981053725906845,2.6981053725906845,16.020476888215608,0.39,0.03,0.36,1.0,1.0,1.0,0.8498387895961115,1.0,1.0,4.0,4.0,8.0,0.0,0.0076576511402805,0.0047415855174035,0.0,1.0,3.0,0.0,8.0,1.0,32,1,1,1,3,6410,814,270,136,136,0,1.0,1,1,,,,,0,0.7838213333570947,0.08345621753470968,cc_n_partners=3 (+0.33); cc_edges_e2=8 (+0.23); cc_n_cells_e1=6.41e+03 (+0.21),novel,12
46,NOTCH1,cycling_tumor,IDH_WT,tumor,1.0,2.186278539926624,2.186278539926624,186.2528481982885,0.383,0.046,0.337,1.0,0.0,0.0,2.0468222299775896,1.0,2.0,0.0,8.0,8.0,0.0,0.0102880806075418,0.004045192693051016,0.0,2.0,4.0,0.0,8.0,1.0,16,0,1,2,2,6410,814,5847,663,663,0,1.0,0,1,2.0,tumor,growth,Notch pathway (pathway-level),1,0.7779934465664997,0.05915237144571964,cc_edges_total=16 (+1.00); deg_pooled_log2fc=2.05 (+0.37); cc_n_partners=4 (+0.35),literature tier 2 (label),13
50,APP,AC_like_tumor,IDH_Mutant,tumor,0.0,0.0,0.0,0.0,,,0.0,0.0,0.0,0.0,,0.0,3.0,20.0,0.0,10.0,10.0,0.0466729998846793,0.02494242887230293,0.04,1.0,4.0,16.0,20.0,0.0,78,1,0,1,4,72549,446,4249,283,283,0,0.0,1,0,,,,,0,0.7759143447062666,0.044008679311323816,cc_edges_total=78 (+0.85); cc_n_cells_e1=7.25e+04 (+0.24); cc_n_partners=4 (+0.20),novel,14
59,CD74,AC_like_tumor,IDH_Mutant,tumor,0.0,0.0,0.0,0.0,,,0.0,0.0,0.0,0.0,,0.0,4.0,0.0,6.0,0.0,6.0,0.0223694210384319,0.013996717026047665,0.04,1.0,4.0,0.0,6.0,-1.0,109,0,1,2,6,72549,446,4249,283,283,0,-0.0,1,0,1.0,TAM_microglia,myeloid_bridge,"Ghoochani et al., Oncotarget 2016",0,0.7617828727265428,0.12025234690991561,cc_edges_total=109 (+0.89); cc_n_cells_e1=7.25e+04 (+0.23); deg_n_celltypes_sig=4 (+0.23),"literature gene, other compartment",15
68,CD4,OPC_GABA_AC_like_tumor,IDH_WT,tumor,0.0,0.0,0.0,0.0,,,0.0,0.0,0.0,0.0,,0.0,1.0,0.0,0.0,0.0,0.0,0.0,0.0,,0.0,0.0,0.0,0.0,,88,0,1,1,1,6202,1012,5384,171,171,0,0.0,0,0,2.0,T_cell,immune_synapse,MHC-II co-receptor (pathway-level),0,0.7369193050831863,0.028607346847104947,cc_edges_total=88 (+1.14); cc_n_cells_e1=6.2e+03 (+0.20); cc_n_celltypes_total=1 (+0.10),"literature gene, other compartment",16
79,CADM1,OPC_GABA_like_tumor,IDH_Mutant,tumor,1.0,0.3166143080291086,0.3166143080291086,6.401929440123118,0.49,0.408,0.08200000000000002,1.0,0.0,0.0,,0.0,2.0,8.0,8.0,8.0,8.0,0.0116234274434474,0.006223641285348925,0.0,1.0,3.0,0.0,16.0,0.0,32,1,1,1,3,6741,14114,1658,11741,1658,0,0.0,1,1,,,,,0,0.7213225384503235,0.11227513883650153,cc_n_partners=3 (+0.39); cc_n_cells_e1=6.74e+03 (+0.24); cc_edges_e2=8 (+0.23),novel,17
80,DLL1,cycling_tumor,IDH_WT,tumor,1.0,5.679976711877195,5.679976711877195,300.0,0.287,0.004,0.283,1.0,1.0,1.0,5.212429076298599,1.0,2.0,2.0,0.0,2.0,0.0,0.000707569088656626,0.0006363527970828948,0.0,1.0,2.0,0.0,2.0,1.0,4,1,0,1,2,6410,814,5847,663,663,0,1.0,0,1,,,,,0,0.7172063949150609,0.04393870253176086,cc_n_partners=2 (+0.82); deg_pooled_log2fc=5.21 (+0.33); cc_edges_e2=2 (+0.26),novel,18
84,NRCAM,AC_like_tumor,IDH_Mutant,tumor,1.0,1.418778113763021,1.418778113763021,17.882406924454987,0.495,0.253,0.242,1.0,0.0,0.0,0.6015202490648668,1.0,4.0,0.0,4.0,2.0,2.0,0.0036696350326655,0.00316495639881815,0.0,1.0,2.0,0.0,4.0,0.0,12,0,1,1,4,72549,446,4249,283,283,0,0.0,1,1,,,,,0,0.7140216622437419,0.1796897354140713,cc_n_partners=2 (+0.81); deg_n_celltypes_sig=4 (+0.31); cc_edges_e2=2 (+0.28),novel,19
86,GRIA2,cycling_tumor,IDH_Mutant,tumor,1.0,4.653403958396013,4.653403958396013,37.39719059706227,0.647,0.03,0.617,1.0,1.0,1.0,2.6067381794114644,1.0,4.0,0.0,3.0,3.0,0.0,0.0081782421612816,0.003928664324832367,0.0,1.0,2.0,1.0,3.0,1.0,12,0,1,1,3,6410,814,270,136,136,0,1.0,1,1,1.0,tumor,neuron_tumor,"Venkatesh et al., Nature 2019; Venkataramani et al., Nature 2019",1,0.7107836873783964,0.10331167737260816,cc_n_partners=2 (+0.86); deg_pooled_log2fc=2.61 (+0.54); deg_n_celltypes_sig=4 (+0.35),literature tier 1 (label),20
95,TYROBP,TAM1/TAM2/microglia,IDH_Mutant,TAM_microglia,1.0,-0.7382940458645026,0.7382940458645026,265.51725895517706,0.92,0.973,-0.052999999999999936,-1.0,0.0,0.0,-0.6159331215141179,1.0,6.0,0.0,38.0,19.0,19.0,0.2392234722575476,0.08750399753816233,0.03,2.0,7.0,34.0,38.0,0.0,57,0,1,2,2,12086,25922,2106,21701,2106,0,-0.0,1,1,2.0,TAM_microglia,myeloid_bridge,TREM2 adaptor (pathway-level),1,0.702804205192845,0.029984868083706533,cc_edges_total=57 (+0.86); deg_n_celltypes_sig=6 (+0.31); cc_n_partners=7 (+0.25),literature tier 2 (label),21
102,SLC1A1,cycling_tumor,IDH_WT,tumor,1.0,2.32828688324089,2.32828688324089,177.71930105276633,0.312,0.03,0.28200000000000003,1.0,0.0,0.0,2.2582834083093024,1.0,2.0,13.0,0.0,13.0,0.0,0.0085000406509992,0.002037173081619591,0.0,1.0,4.0,0.0,13.0,1.0,13,1,0,1,1,6410,814,5847,663,663,0,1.0,0,1,,,,,0,0.69667097796371,0.10309266402087397,cc_edges_total=13 (+0.53); deg_pooled_log2fc=2.26 (+0.37); cc_n_partners=4 (+0.33),novel,22
104,EGFR,cycling_tumor,IDH_Mutant,tumor,1.0,3.583022084327702,3.583022084327702,35.3294962415499,0.669,0.041,0.628,1.0,1.0,0.0,,0.0,3.0,0.0,4.0,2.0,2.0,0.0064027402138418,0.003551269548778375,0.0,1.0,2.0,4.0,4.0,0.0,14,0,1,1,4,6410,814,270,136,136,0,0.0,1,1,1.0,tumor,growth,"Brennan et al., Cell 2013 (TCGA GBM)",1,0.6949859877640053,0.08389174454496362,cc_n_partners=2 (+0.87); cc_edges_total=14 (+0.56); cc_edges_e2=2 (+0.24),literature tier 1 (label),23
105,TREM2,AC_like_tumor,IDH_Mutant,tumor,0.0,0.0,0.0,0.0,,,0.0,0.0,0.0,0.0,,0.0,1.0,0.0,0.0,0.0,0.0,0.0,0.0,,0.0,0.0,0.0,0.0,,57,0,1,2,2,72549,446,4249,283,283,0,0.0,1,0,2.0,TAM_microglia,myeloid_bridge,TAM marker (pathway-level),0,0.6925790884210534,0.0353336448136659,cc_edges_total=57 (+1.02); cc_n_cells_e1=7.25e+04 (+0.22); cc_n_celltypes_total=2 (+0.09),"literature gene, other compartment",24
112,SLIT1,OPC_GABA_like_tumor,IDH_Mutant,tumor,1.0,1.4881294612799278,1.4881294612799278,75.18350582055096,0.302,0.071,0.23099999999999998,1.0,1.0,1.0,2.794243236803573,1.0,3.0,2.0,0.0,2.0,0.0,0.0026014314511136,0.00193069735608075,0.0,1.0,2.0,0.0,2.0,1.0,2,1,0,1,1,6741,14114,1658,11741,1658,0,1.0,1,1,,,,,0,0.6838406030889557,0.045147848424387065,cc_n_partners=2 (+0.83); deg_pooled_log2fc=2.79 (+0.28); cc_edges_e2=2 (+0.25),novel,25
113,NCAM2,cycling_tumor,IDH_Mutant,tumor,1.0,4.01083004443889,4.01083004443889,9.949480699379908,0.25,0.011,0.239,1.0,1.0,1.0,1.9479715419887156,1.0,2.0,0.0,5.0,5.0,0.0,0.0081777990732763,0.0035688930945901197,0.0,1.0,4.0,0.0,5.0,1.0,5,0,1,1,1,6410,814,270,136,136,0,1.0,1,1,,,,,0,0.6819450378700465,0.06650405966653339,deg_pooled_log2fc=1.95 (+0.37); cc_n_partners=4 (+0.34); cc_edges_e2=5 (+0.22),novel,26
116,PTN,cycling_tumor,IDH_Mutant,tumor,1.0,3.4586284775785563,3.4586284775785563,52.05251881221618,0.926,0.089,0.8370000000000001,1.0,1.0,1.0,0.9083364290477598,1.0,1.0,35.0,0.0,18.0,17.0,0.2619954091305924,0.12375513685284249,0.03,1.0,5.0,4.0,35.0,0.02857142857142857,137,1,0,1,7,6410,814,270,136,136,0,0.02857142857142857,1,1,1.0,TAM_microglia,myeloid_bridge,"Shi et al., Cell Stem Cell 2017",0,0.6773714077203548,0.08546501144521676,cc_edges_total=137 (+0.67); cc_n_cells_e1=6.41e+03 (+0.20); deg_pct_diff=0.837 (+0.19),"literature gene, other compartment",27
123,LRRTM2,cycling_tumor,IDH_Mutant,tumor,1.0,4.007836668405867,4.007836668405867,5.2846177479249645,0.169,0.007,0.162,1.0,1.0,1.0,1.001053071696476,1.0,3.0,0.0,6.0,6.0,0.0,0.0103806915753576,0.00337061154555855,0.0,1.0,4.0,0.0,6.0,1.0,12,0,1,1,2,6410,814,270,136,136,0,1.0,1,1,,,,,0,0.6699183175303774,0.07161989951324967,cc_n_partners=4 (+0.33); cc_edges_e2=6 (+0.24); cc_n_cells_e1=6.41e+03 (+0.21),novel,28
127,SPP1,TAM1/TAM2/microglia,IDH_Mutant,TAM_microglia,1.0,0.9724987470856216,0.9724987470856216,228.2688017447793,0.896,0.63,0.266,1.0,0.0,0.0,-0.8376686343080255,1.0,4.0,10.0,0.0,5.0,5.0,0.0600743503220592,0.03767848687725736,0.0,1.0,4.0,8.0,10.0,0.0,55,1,0,1,7,12086,25922,2106,21701,2106,0,0.0,1,1,1.0,TAM_microglia,myeloid_bridge,"Wei et al., J Clin Invest 2019",1,0.6636534804472329,0.13524808565975946,cc_edges_total=55 (+0.81); deg_n_celltypes_sig=4 (+0.37); cc_n_partners=4 (+0.26),literature tier 1 (label),29
135,SLC1A3,TAM1/TAM2/microglia,IDH_Mutant,TAM_microglia,1.0,0.5232657214623875,0.5232657214623875,70.94462165138104,0.9,0.783,0.11699999999999999,1.0,1.0,1.0,1.4026188000090016,1.0,3.0,13.0,0.0,13.0,0.0,0.0580182501147297,0.014240210546249892,0.0,1.0,4.0,13.0,13.0,1.0,26,1,0,1,2,12086,25922,2106,21701,2106,0,1.0,1,1,,,,,0,0.6494762762479374,0.07143025675438738,cc_n_partners=4 (+0.34); deg_pooled_log2fc=1.4 (+0.31); cc_n_cells_e1=1.21e+04 (+0.25),novel,30
140,KLRB1,OPC_GABA_AC_like_tumor,IDH_WT,tumor,0.0,0.0,0.0,0.0,,,0.0,0.0,0.0,0.0,,0.0,0.0,0.0,0.0,0.0,0.0,0.0,0.0,,0.0,0.0,0.0,0.0,,14,0,1,1,1,6202,1012,5384,171,171,0,0.0,0,0,1.0,T_cell,immune_synapse,"Mathewson et al., Cell 2021",0,0.637865558413426,0.10065142128960676,cc_edges_total=14 (+0.49); deg_n_celltypes_sig=0 (+0.26); cc_n_cells_e1=6.2e+03 (+0.20),"literature gene, other compartment",31
143,SORL1,TAM1/TAM2/microglia,IDH_WT,TAM_microglia,1.0,0.6752151769204435,0.6752151769204435,92.25877261688396,0.629,0.404,0.22499999999999998,1.0,1.0,1.0,0.9799051202538605,1.0,3.0,0.0,14.0,7.0,7.0,0.0511641001611375,0.019258193673017707,0.0,1.0,4.0,14.0,14.0,0.0,14,0,1,1,1,12086,25922,9696,2745,2745,0,0.0,0,1,,,,,0,0.6358090354460103,0.044046431419142246,cc_edges_total=14 (+0.57); cc_n_partners=4 (+0.33); cc_edges_e2=7 (+0.23),novel,32
150,KLRC2,OPC_GABA_like_tumor,IDH_Mutant,tumor,1.0,1.8705339182188103,1.8705339182188103,170.01044008276833,0.563,0.195,0.36799999999999994,1.0,0.0,0.0,3.444669840971268,1.0,3.0,0.0,6.0,6.0,0.0,0.0287367317117394,0.018077051350929785,0.0,1.0,4.0,5.0,6.0,1.0,6,0,1,1,1,6741,14114,1658,11741,1658,0,1.0,1,1,,,,,0,0.6310242416997948,0.08298259024564898,deg_pooled_log2fc=3.44 (+0.41); cc_n_partners=4 (+0.41); cc_edges_e2=6 (+0.23),novel,33
153,MRC1,TAM1/TAM2/microglia,IDH_WT,TAM_microglia,0.0,0.0,0.0,0.0,,,0.0,0.0,0.0,0.0,,0.0,0.0,0.0,4.0,4.0,0.0,0.0190396652672054,0.014954905079611875,0.0,1.0,2.0,2.0,4.0,1.0,4,0,1,1,1,12086,25922,9696,2745,2745,0,0.0,0,0,,,,,0,0.627493677635662,0.11681331096949223,cc_n_partners=2 (+0.77); deg_n_celltypes_sig=0 (+0.35); cc_edges_e2=4 (+0.22),novel,34
154,PTGER4,AC_like_tumor,IDH_Mutant,tumor,0.0,0.0,0.0,0.0,,,0.0,0.0,0.0,0.0,,0.0,0.0,0.0,0.0,0.0,0.0,0.0,0.0,,0.0,0.0,0.0,0.0,,14,0,1,1,1,72549,446,4249,283,283,0,0.0,1,0,,,,,0,0.6257210062114963,0.15560797199696638,cc_edges_total=14 (+0.49); deg_n_celltypes_sig=0 (+0.24); cc_n_cells_e1=7.25e+04 (+0.20),novel,35
157,CXCR4,TAM1/TAM2/microglia,IDH_Mutant,TAM_microglia,1.0,-0.4659316323543718,0.4659316323543718,44.34663990905859,0.499,0.658,-0.15900000000000003,-1.0,0.0,0.0,,0.0,3.0,0.0,22.0,11.0,11.0,0.0917041673934359,0.03878429271831302,0.0,1.0,6.0,20.0,22.0,0.0,44,0,1,1,2,12086,25922,2106,21701,2106,0,-0.0,1,1,1.0,tumor,growth,"Rubin et al., PNAS 2003",0,0.6234371718225623,0.10311456626224988,cc_edges_total=44 (+1.13); cc_n_cells_e1=1.21e+04 (+0.23); cc_n_partners=6 (+0.21),"literature gene, other compartment",36
159,LRRTM3,OPC_GABA_like_tumor,IDH_WT,tumor,1.0,1.1239498134434314,1.1239498134434314,82.02165362923598,0.217,0.054,0.163,1.0,0.0,0.0,1.1319662468646243,1.0,2.0,0.0,6.0,6.0,0.0,0.0130790509330356,0.004251251790534683,0.0,1.0,4.0,0.0,6.0,1.0,6,0,1,1,1,6741,14114,5040,1935,1935,0,1.0,0,1,,,,,0,0.6194263554243566,0.10160870445557149,cc_n_partners=4 (+0.33); cc_edges_e2=6 (+0.22); cc_n_cells_e1=6.74e+03 (+0.18),novel,37
162,PPIA,TAM1/TAM2/microglia,IDH_WT,TAM_microglia,1.0,-0.367224250145898,0.367224250145898,32.65124251150428,0.835,0.842,-0.007000000000000006,-1.0,1.0,1.0,-0.7277355094696292,1.0,2.0,7.0,0.0,3.0,4.0,0.0978378557322367,0.04184953839754516,0.04,1.0,3.0,7.0,7.0,-0.14285714285714285,56,1,0,1,7,12086,25922,9696,2745,2745,0,0.14285714285714285,0,1,,,,,0,0.6155235131794016,0.09008986135687877,cc_edges_total=56 (+0.87); cc_n_partners=3 (+0.37); cc_n_cells_e1=1.21e+04 (+0.25),novel,38
165,ITGAV,cycling_tumor,IDH_Mutant,tumor,1.0,0.539067686834929,0.539067686834929,1.8568969586238986,0.368,0.13,0.238,1.0,1.0,1.0,0.3303134313322708,1.0,3.0,0.0,13.0,13.0,0.0,0.029255088299547,0.012036451921385891,0.0,3.0,7.0,5.0,13.0,1.0,39,0,1,3,3,6410,814,270,136,136,0,1.0,1,1,,,,,0,0.6108504461210028,0.10493014901790283,cc_n_partners=7 (+0.24); cc_n_cells_e1=6.41e+03 (+0.22); deg_pct_diff=0.238 (+0.19),novel,39
170,SORT1,cycling_tumor,IDH_Mutant,tumor,0.0,0.0,0.0,0.0,,,0.0,0.0,0.0,0.0,,0.0,2.0,0.0,3.0,3.0,0.0,0.005960292884092,0.004312044914191967,0.0,1.0,2.0,2.0,3.0,1.0,3,0,1,1,1,6410,814,270,136,136,0,0.0,1,0,,,,,0,0.6067620490440784,0.07782205498262935,cc_n_partners=2 (+0.82); cc_edges_e2=3 (+0.21); cc_n_cells_e1=6.41e+03 (+0.20),novel,40
171,CD44,OPC_GABA_AC_like_tumor,IDH_WT,tumor,0.0,0.0,0.0,0.0,,,0.0,0.0,0.0,0.0,,0.0,4.0,0.0,0.0,0.0,0.0,0.0,0.0,,0.0,0.0,0.0,0.0,,48,0,1,4,1,6202,1012,5384,171,171,0,0.0,0,0,1.0,tumor,myeloid_bridge,"Pietras et al., Cell Stem Cell 2014",1,0.6062918125978394,0.06892922758340359,cc_edges_total=48 (+1.35); cc_n_cells_e1=6.2e+03 (+0.24); cc_n_pathways_total=4 (+0.17),literature tier 1 (label),41
172,MIF,AC_like_tumor,IDH_Mutant,tumor,1.0,0.5947941119482809,0.5947941119482809,3.026633942473719,0.463,0.297,0.16600000000000004,1.0,0.0,0.0,,0.0,4.0,12.0,0.0,6.0,6.0,0.0301326100099938,0.01579069311718281,0.0,1.0,2.0,12.0,12.0,0.0,66,1,0,1,6,72549,446,4249,283,283,0,0.0,1,1,1.0,tumor,myeloid_bridge,"Ghoochani et al., Oncotarget 2016",1,0.6062389911818886,0.07911378219576343,cc_edges_total=66 (+0.79); cc_n_partners=2 (+0.79); deg_n_celltypes_sig=4 (+0.30),literature tier 1 (label),42
173,HLA-DRB1,TAM1/TAM2/microglia,IDH_Mutant,TAM_microglia,1.0,-1.1518370213164628,1.1518370213164628,268.9874824299002,0.893,0.962,-0.06899999999999995,-1.0,0.0,0.0,-0.5067458686879718,1.0,4.0,4.0,0.0,2.0,2.0,0.0334073134215138,0.017249044865644925,0.0,1.0,1.0,0.0,4.0,0.0,14,1,0,1,5,12086,25922,2106,21701,2106,0,-0.0,1,1,,,,,0,0.6056336511888234,0.09237077213514998,cc_edges_total=14 (+0.50); cc_edges_e2=2 (+0.27); cc_n_cells_e1=1.21e+04 (+0.26),novel,43
185,THY1,cycling_tumor,IDH_WT,tumor,1.0,2.086533598784398,2.086533598784398,300.0,0.617,0.071,0.546,1.0,1.0,1.0,2.0196759371826856,1.0,4.0,1.0,0.0,1.0,0.0,0.0141911373026763,0.0141911373026763,0.0,1.0,1.0,1.0,1.0,1.0,2,1,0,1,2,6410,814,5847,663,663,0,1.0,0,1,,,,,0,0.5960868162404688,0.11198401126488317,deg_pooled_log2fc=2.02 (+0.32); deg_n_celltypes_sig=4 (+0.28); cc_n_cells_e1=6.41e+03 (+0.24),novel,44
187,HLA-DPA1,TAM1/TAM2/microglia,IDH_WT,TAM_microglia,0.0,0.0,0.0,0.0,,,0.0,0.0,0.0,0.0,,0.0,5.0,4.0,0.0,2.0,2.0,0.0333971442545754,0.016534185100048025,0.0,1.0,1.0,0.0,4.0,0.0,14,1,0,1,5,12086,25922,9696,2745,2745,0,0.0,0,0,,,,,0,0.5959847053326314,0.029491626586684146,cc_edges_total=14 (+0.46); cc_n_cells_e1=1.21e+04 (+0.27); cc_edges_e2=2 (+0.25),novel,45
196,GRIA3,cycling_tumor,IDH_Mutant,tumor,1.0,5.380637217529915,5.380637217529915,13.383804944810485,0.287,0.007,0.27999999999999997,1.0,1.0,1.0,1.3787508387172114,1.0,2.0,0.0,3.0,3.0,0.0,0.0040368629211877,0.0019373749634117178,0.0,1.0,2.0,1.0,3.0,1.0,6,0,1,1,2,6410,814,270,136,136,0,1.0,1,1,2.0,tumor,neuron_tumor,"AMPAR subunit family; Venkatesh et al., Nature 2019",1,0.5844672713706907,0.14752139830368843,cc_n_partners=2 (+0.84); deg_pooled_log2fc=1.38 (+0.37); cc_edges_e2=3 (+0.26),literature tier 2 (label),46
204,CD99,OPC_GABA_like_tumor,IDH_WT,tumor,0.0,0.0,0.0,0.0,,,0.0,0.0,0.0,0.0,,0.0,1.0,6.0,4.0,0.0,10.0,0.0094000310679316,0.00473842761049317,0.03,1.0,3.0,9.0,10.0,-1.0,86,1,1,1,4,6741,14114,5040,1935,1935,0,-0.0,0,0,2.0,tumor,immune_synapse,Glioma invasion marker (limited functional data),1,0.5778409571610238,0.09402574426682822,cc_edges_total=86 (+1.08); cc_n_partners=3 (+0.38); cc_n_cells_e1=6.74e+03 (+0.22),literature tier 2 (label),47
212,DAG1,cycling_tumor,IDH_Mutant,tumor,1.0,2.3691077077899365,2.3691077077899365,7.607543301074982,0.257,0.026,0.231,1.0,1.0,1.0,1.150522854828894,1.0,2.0,0.0,6.0,6.0,0.0,0.0134431326010437,0.004370217139411733,0.0,1.0,4.0,0.0,6.0,1.0,6,0,1,1,1,6410,814,270,136,136,0,1.0,1,1,,,,,0,0.5700094106450575,0.08006559109256804,cc_n_partners=4 (+0.31); cc_edges_e2=6 (+0.22); deg_pct_diff=0.231 (+0.19),novel,48
224,ADORA3,TAM1/TAM2/microglia,IDH_Mutant,TAM_microglia,0.0,0.0,0.0,0.0,,,0.0,0.0,0.0,0.0,,0.0,0.0,1.0,0.0,1.0,0.0,0.0039014203393133,0.0039014203393133,0.0,1.0,1.0,0.0,1.0,1.0,1,1,0,1,1,12086,25922,2106,21701,2106,0,0.0,1,0,,,,,0,0.5589976281606515,0.03890831027147332,deg_n_celltypes_sig=0 (+0.45); cc_n_cells_e1=1.21e+04 (+0.20); cc_edges_total=1 (+0.10),novel,49
230,DLL3,OPC_GABA_like_tumor,IDH_WT,tumor,1.0,4.5360143154011725,4.5360143154011725,300.0,0.71,0.066,0.6439999999999999,1.0,1.0,1.0,4.047193945889483,1.0,4.0,2.0,0.0,2.0,0.0,0.0102880806075418,0.00926053756614685,0.0,1.0,2.0,0.0,2.0,1.0,8,1,0,1,4,6741,14114,5040,1935,1935,0,1.0,0,1,1.0,tumor,growth,"Spino et al., Clin Cancer Res 2019 (IDH-mutant glioma)",1,0.5572488651406964,0.04127361902191603,cc_n_partners=2 (+0.87); deg_pooled_log2fc=4.05 (+0.53); deg_n_celltypes_sig=4 (+0.35),literature tier 1 (label),50
240,GLS,TAM1/TAM2/microglia,IDH_Mutant,TAM_microglia,1.0,1.1064324236649108,1.1064324236649108,59.4595764004668,0.46,0.286,0.17400000000000004,1.0,1.0,1.0,1.3231426999977598,1.0,2.0,13.0,0.0,13.0,0.0,0.0580182501147297,0.014240210546249892,0.0,1.0,4.0,13.0,13.0,1.0,39,1,0,1,2,12086,25922,2106,21701,2106,0,1.0,1,1,,,,,0,0.5535290006638844,0.19416159102580174,cc_n_partners=4 (+0.32); cc_n_cells_e1=1.21e+04 (+0.23); deg_pct_diff=0.174 (+0.16),novel,51
241,CLSTN1,cycling_tumor,IDH_Mutant,tumor,0.0,0.0,0.0,0.0,,,0.0,0.0,0.0,0.0,,0.0,1.0,0.0,6.0,6.0,0.0,0.0084269247922976,0.002734139854995377,0.0,1.0,4.0,0.0,6.0,1.0,12,0,1,1,2,6410,814,270,136,136,0,0.0,1,0,,,,,0,0.5532778587134588,0.04919162573440473,cc_n_partners=4 (+0.23); cc_edges_e2=6 (+0.21); cc_n_cells_e1=6.41e+03 (+0.20),novel,52
251,COL9A1,cycling_tumor,IDH_WT,tumor,1.0,4.55887403212976,4.55887403212976,300.0,0.341,0.011,0.33,1.0,0.0,0.0,4.418977772799232,1.0,2.0,5.0,0.0,5.0,0.0,0.0026257015067272,0.00177275463141162,0.0,1.0,3.0,2.0,5.0,1.0,5,1,0,1,1,6410,814,5847,663,663,0,1.0,0,1,,,,,0,0.5492842859594408,0.02226257249099406,cc_n_partners=3 (+0.44); deg_pooled_log2fc=4.42 (+0.35); cc_edges_e2=5 (+0.22),novel,53
263,CLDN11,cycling_tumor,IDH_Mutant,tumor,0.0,0.0,0.0,0.0,,,0.0,0.0,0.0,0.0,,0.0,0.0,1.0,1.0,2.0,0.0,0.0009540821944767284,0.0009540821944767284,0.0,1.0,1.0,0.0,2.0,1.0,2,1,1,1,1,6410,814,270,136,136,0,0.0,1,0,,,,,0,0.5400320862174144,0.12310850204117327,deg_n_celltypes_sig=0 (+0.40); cc_n_cells_e1=6.41e+03 (+0.20); cc_edges_e2=2 (+0.19),novel,54
267,ITGB2,TAM1/TAM2/microglia,IDH_Mutant,TAM_microglia,1.0,-0.5566476131317764,0.5566476131317764,34.70903012964246,0.596,0.695,-0.09899999999999998,-1.0,1.0,0.0,,0.0,2.0,0.0,4.0,4.0,0.0,0.0442420541942578,0.0234334586245721,0.0,2.0,3.0,2.0,4.0,1.0,4,0,1,2,1,12086,25922,2106,21701,2106,0,-1.0,1,1,,,,,0,0.5360606952378717,0.05611078155273135,cc_n_partners=3 (+0.41); cc_edges_e2=4 (+0.23); cc_n_cells_e1=1.21e+04 (+0.19),novel,55
297,TGFBR2,TAM1/TAM2/microglia,IDH_WT,TAM_microglia,1.0,0.5692720779110882,0.5692720779110882,44.060814643964726,0.389,0.246,0.14300000000000002,1.0,1.0,1.0,0.9688495432510398,1.0,1.0,0.0,4.0,2.0,2.0,0.0050238491740621,0.003124057670555575,0.0,1.0,1.0,0.0,4.0,0.0,4,0,1,1,1,12086,25922,9696,2745,2745,0,0.0,0,1,,,,,0,0.5157301990854959,0.11273791912433746,cc_edges_e2=2 (+0.23); cc_n_cells_e1=1.21e+04 (+0.18); deg_pct_diff=0.143 (+0.16),novel,56
299,PDGFB,TAM1/TAM2/microglia,IDH_WT,TAM_microglia,1.0,0.8549951478664709,0.8549951478664709,49.691500856358125,0.246,0.124,0.122,1.0,1.0,1.0,1.5049818546076257,1.0,1.0,3.0,0.0,3.0,0.0,0.0135999473904176,0.009743488234454733,0.0,1.0,3.0,3.0,3.0,1.0,3,1,0,1,1,12086,25922,9696,2745,2745,0,1.0,0,1,,,,,0,0.5134867899987823,0.13652740690488735,cc_n_partners=3 (+0.39); deg_pooled_log2fc=1.5 (+0.34); cc_edges_e2=3 (+0.24),novel,57
301,ROBO1,AC_like_tumor,IDH_Mutant,tumor,1.0,0.9483749138816352,0.9483749138816352,3.8017152446429767,0.244,0.123,0.121,1.0,0.0,0.0,2.540399297294049,1.0,3.0,0.0,0.0,0.0,0.0,0.0,0.0,,0.0,0.0,0.0,0.0,,2,0,1,1,2,72549,446,4249,283,283,0,0.0,1,0,,,,,0,0.5124242456498795,0.05339696010294053,deg_pooled_log2fc=2.54 (+0.21); cc_n_cells_e1=7.25e+04 (+0.21); deg_pct_diff=0.121 (+0.12),novel,58
310,JAM2,cycling_tumor,IDH_Mutant,tumor,1.0,0.7960758978451711,0.7960758978451711,7.596818806928833,0.441,0.104,0.337,1.0,1.0,1.0,0.8274191381313104,1.0,2.0,5.0,1.0,6.0,0.0,0.0021428578601446,0.0016103557452642166,0.0,1.0,3.0,1.0,6.0,1.0,6,1,1,1,1,6410,814,270,136,136,0,1.0,1,1,,,,,0,0.505456318268706,0.09539117414893585,cc_n_partners=3 (+0.37); cc_edges_e2=6 (+0.22); cc_n_cells_e1=6.41e+03 (+0.19),novel,59
312,PTPRD,cycling_tumor,IDH_Mutant,tumor,1.0,2.676089364051008,2.676089364051008,6.426116947992638,0.199,0.011,0.188,1.0,1.0,1.0,2.9733404170939792,1.0,1.0,0.0,0.0,0.0,0.0,0.0,0.0,,0.0,0.0,0.0,0.0,,1,0,1,1,1,6410,814,270,136,136,0,0.0,1,0,,,,,0,0.5039280306958069,0.0680394926349448,deg_pooled_log2fc=2.97 (+0.21); cc_n_cells_e1=6.41e+03 (+0.16); deg_pct_diff=0.188 (+0.13),novel,60
330,PDGFA,cycling_tumor,IDH_WT,tumor,1.0,1.0299781770199166,1.0299781770199166,76.43040977958185,0.299,0.065,0.23399999999999999,1.0,0.0,0.0,0.8635192989553302,1.0,2.0,3.0,0.0,3.0,0.0,0.0039862277869608,0.002852574179893333,0.0,1.0,3.0,0.0,3.0,1.0,3,1,0,1,1,6410,814,5847,663,663,0,1.0,0,1,,,,,0,0.49222132833227833,0.1047911684818309,cc_n_partners=3 (+0.37); cc_edges_e2=3 (+0.22); cc_n_cells_e1=6.41e+03 (+0.19),novel,61
333,GAS6,TAM1/TAM2/microglia,IDH_WT,TAM_microglia,1.0,1.0297449427302867,1.0297449427302867,51.35063053791812,0.254,0.13,0.124,1.0,1.0,1.0,1.354641382858478,1.0,1.0,2.0,0.0,2.0,0.0,0.012077162692356,0.00795189203387295,0.0,1.0,1.0,0.0,2.0,1.0,2,1,0,1,1,12086,25922,9696,2745,2745,0,1.0,0,1,,,,,0,0.48986746462386793,0.08156761220251267,cc_edges_e2=2 (+0.24); cc_n_cells_e1=1.21e+04 (+0.18); deg_pooled_log2fc=1.35 (+0.17),novel,62
335,NLGN3,cycling_tumor,IDH_Mutant,tumor,1.0,4.10352156299052,4.10352156299052,2.3100557200330885,0.132,0.011,0.12100000000000001,1.0,1.0,1.0,1.8474406918200492,1.0,2.0,0.0,6.0,6.0,0.0,0.0082445257936692,0.0026747700108033256,0.0,1.0,4.0,0.0,6.0,1.0,6,0,1,1,1,6410,814,270,136,136,0,1.0,1,1,1.0,tumor,neuron_tumor,"Venkatesh et al., Cell 2015; Venkatesh et al., Nature 2017",1,0.4879649773451483,0.06703641769374351,deg_pooled_log2fc=1.85 (+0.41); cc_n_partners=4 (+0.34); cc_edges_e2=6 (+0.21),literature tier 1 (label),63
336,ITGB1,OPC_GABA_like_tumor,IDH_WT,tumor,1.0,0.4100098388857025,0.4100098388857025,88.859551487124,0.447,0.175,0.272,1.0,1.0,1.0,,0.0,2.0,0.0,12.0,12.0,0.0,0.0204651750303783,0.00902374051798539,0.0,2.0,7.0,5.0,12.0,1.0,36,0,1,2,3,6741,14114,5040,1935,1935,0,1.0,0,1,,,,,0,0.48765792710170164,0.102330562934524,cc_n_partners=7 (+0.27); cc_n_cells_e1=6.74e+03 (+0.22); deg_pct_diff=0.272 (+0.19),novel,64
340,HLA-DPB1,AC_like_tumor,IDH_Mutant,tumor,0.0,0.0,0.0,0.0,,,0.0,0.0,0.0,0.0,,0.0,5.0,2.0,0.0,0.0,2.0,0.0056623552726468,0.0030688153298774434,0.0,1.0,1.0,2.0,2.0,-1.0,14,1,0,1,5,72549,446,4249,283,283,0,-0.0,1,0,,,,,0,0.4839470973493917,0.0945907782988581,cc_edges_total=14 (+0.49); cc_n_cells_e1=7.25e+04 (+0.27); deg_n_celltypes_sig=5 (+0.15),novel,65
361,HLA-DRA,TAM1/TAM2/microglia,IDH_WT,TAM_microglia,0.0,0.0,0.0,0.0,,,0.0,0.0,0.0,0.0,,0.0,5.0,4.0,0.0,2.0,2.0,0.0431531889546866,0.02156299090804295,0.0,1.0,1.0,0.0,4.0,0.0,20,1,0,1,7,12086,25922,9696,2745,2745,0,0.0,0,0,2.0,TAM_microglia,immune_synapse,MHC-II antigen presentation (pathway-level),1,0.4742551017307992,0.11901378422868401,cc_edges_total=20 (+0.77); cc_n_cells_e1=1.21e+04 (+0.28); cc_edges_e2=2 (+0.24),literature tier 2 (label),66
365,PILRB,cycling_tumor,IDH_WT,tumor,1.0,1.8090647293403197,1.8090647293403197,124.71699438149511,0.278,0.036,0.24200000000000002,1.0,0.0,0.0,1.719810137348749,1.0,2.0,0.0,7.0,7.0,0.0,0.0037171475539804,0.0016564278310690797,0.0,1.0,4.0,4.0,7.0,1.0,7,0,1,1,1,6410,814,5847,663,663,0,1.0,0,1,,,,,0,0.4717816963759039,0.10855019657084387,deg_pooled_log2fc=1.72 (+0.40); cc_n_partners=4 (+0.35); cc_edges_e2=7 (+0.21),novel,67
389,MDK,cycling_tumor,IDH_Mutant,tumor,1.0,0.9113864741046732,0.9113864741046732,2.8696231249311794,0.257,0.059,0.198,1.0,1.0,0.0,-0.3739503020192844,1.0,1.0,28.0,0.0,28.0,0.0,0.0180550672770162,0.0065825254786666745,0.0,1.0,7.0,7.0,28.0,1.0,28,1,0,1,1,6410,814,270,136,136,0,1.0,1,1,,,,,0,0.4633108269121248,0.102664348482258,cc_n_cells_e1=6.41e+03 (+0.18); cc_n_partners=7 (+0.18); deg_pct_diff=0.198 (+0.15),novel,68
396,PCDHGC3,cycling_tumor,IDH_Mutant,tumor,1.0,2.8886950190210867,2.8886950190210867,2.231402592410646,0.11,0.004,0.106,1.0,1.0,1.0,2.766243443713352,1.0,2.0,1.0,1.0,2.0,0.0,0.000909242078728849,0.000909242078728849,0.0,1.0,1.0,0.0,2.0,1.0,2,1,1,1,1,6410,814,270,136,136,0,1.0,1,1,,,,,0,0.45726530610368965,0.07174019995195627,deg_pooled_log2fc=2.77 (+0.26); cc_edges_e2=2 (+0.22); cc_n_cells_e1=6.41e+03 (+0.20),novel,69
403,ENTPD1,TAM1/TAM2/microglia,IDH_WT,TAM_microglia,1.0,0.6512541342894388,0.6512541342894388,28.708785406810396,0.234,0.137,0.097,1.0,1.0,1.0,1.3567662403519276,1.0,1.0,3.0,1.0,4.0,0.0,0.0134956831199029,0.007203532889107,0.0,1.0,2.0,1.0,4.0,1.0,4,1,1,1,1,12086,25922,9696,2745,2745,0,1.0,0,1,1.0,TAM_microglia,myeloid_bridge,"Takenaka et al., Nat Neurosci 2019",1,0.45321877623829154,0.10271203474457419,cc_n_partners=2 (+0.78); deg_pooled_log2fc=1.36 (+0.34); cc_edges_e2=4 (+0.26),literature tier 1 (label),70
406,MERTK,OPC_GABA_AC_like_tumor,IDH_WT,tumor,0.0,0.0,0.0,0.0,,,0.0,0.0,0.0,0.0,,0.0,1.0,0.0,0.0,0.0,0.0,0.0,0.0,,0.0,0.0,0.0,0.0,,1,0,1,1,1,6202,1012,5384,171,171,0,0.0,0,0,,,,,0,0.4524201582218869,0.07867171540476214,cc_n_cells_e1=6.2e+03 (+0.19); cc_n_cells_e2=1.01e+03 (+0.08); deg_pooled_log2fc=nan (+0.06),novel,71
410,SLITRK2,cycling_tumor,IDH_Mutant,tumor,1.0,5.80559623923372,5.80559623923372,8.628322959583064,0.206,0.004,0.20199999999999999,1.0,1.0,1.0,2.4674687064605023,1.0,1.0,1.0,0.0,1.0,0.0,0.0011930593981233,0.0011930593981233,0.0,1.0,1.0,0.0,1.0,1.0,1,1,0,1,1,6410,814,270,136,136,0,1.0,1,1,,,,,0,0.4485212150398752,0.03780365012852528,deg_pooled_log2fc=2.47 (+0.26); cc_n_cells_e1=6.41e+03 (+0.18); deg_log2fc=5.81 (+0.13),novel,72
421,HAVCR2,OPC_GABA_AC_like_tumor,IDH_WT,tumor,0.0,0.0,0.0,0.0,,,0.0,0.0,0.0,0.0,,0.0,1.0,0.0,0.0,0.0,0.0,0.0,0.0,,0.0,0.0,0.0,0.0,,2,0,1,1,1,6202,1012,5384,171,171,0,0.0,0,0,1.0,T_cell,immune_synapse,"Kim et al., Clin Cancer Res 2017",0,0.44125453382323493,0.020517933221093746,cc_n_cells_e1=6.2e+03 (+0.19); cc_n_cells_e2=1.01e+03 (+0.08); deg_pooled_log2fc=nan (+0.06),"literature gene, other compartment",73
422,PTGES2,AC_like_tumor,IDH_Mutant,tumor,1.0,1.0875593556585337,1.0875593556585337,2.558557645756527,0.177,0.083,0.09399999999999999,1.0,0.0,0.0,1.007974502288211,1.0,2.0,0.0,0.0,0.0,0.0,0.0,0.0,,0.0,0.0,0.0,0.0,,1,1,0,1,1,72549,446,4249,283,283,0,0.0,1,0,,,,,0,0.440173069779992,0.03016751991063138,cc_n_cells_e1=7.25e+04 (+0.20); deg_pct_diff=0.094 (+0.15); deg_log2fc=1.09 (+0.13),novel,74
427,TNFRSF1A,OPC_GABA_AC_like_tumor,IDH_WT,tumor,0.0,0.0,0.0,0.0,,,0.0,0.0,0.0,0.0,,0.0,1.0,0.0,0.0,0.0,0.0,0.0,0.0,,0.0,0.0,0.0,0.0,,1,0,1,1,1,6202,1012,5384,171,171,0,0.0,0,0,,,,,0,0.43625549476300485,0.09082658148120422,cc_n_cells_e1=6.2e+03 (+0.19); cc_n_cells_e2=1.01e+03 (+0.08); deg_pooled_log2fc=nan (+0.06),novel,75
434,ITGB8,OPC_GABA_AC_like_tumor,IDH_WT,tumor,0.0,0.0,0.0,0.0,,,0.0,0.0,0.0,0.0,,0.0,0.0,0.0,0.0,0.0,0.0,0.0,0.0,,0.0,0.0,0.0,0.0,,3,0,1,1,2,6202,1012,5384,171,171,0,0.0,0,0,,,,,0,0.4333988110132115,0.12397759862427389,deg_n_celltypes_sig=0 (+0.43); cc_n_cells_e1=6.2e+03 (+0.21); cc_n_cells_e2=1.01e+03 (+0.08),novel,76
440,PTGES3,AC_like_tumor,IDH_Mutant,tumor,0.0,0.0,0.0,0.0,,,0.0,0.0,0.0,0.0,,0.0,0.0,2.0,0.0,1.0,1.0,0.0074110138974112,0.0054116476705227,0.0,1.0,1.0,2.0,2.0,0.0,13,1,0,1,7,72549,446,4249,283,283,0,0.0,1,0,,,,,0,0.43151261496558835,0.06613322888680911,cc_edges_total=13 (+0.39); cc_n_cells_e1=7.25e+04 (+0.25); deg_n_celltypes_sig=0 (+0.23),novel,77
448,PILRA,TAM1/TAM2/microglia,IDH_WT,TAM_microglia,0.0,0.0,0.0,0.0,,,0.0,0.0,0.0,0.0,,0.0,0.0,0.0,7.0,7.0,0.0,0.0082024937284372,0.0036620741932491857,0.0,1.0,4.0,5.0,7.0,1.0,7,0,1,1,1,12086,25922,9696,2745,2745,0,0.0,0,0,,,,,0,0.42687898362496063,0.04728029271616505,cc_n_partners=4 (+0.25); deg_n_celltypes_sig=0 (+0.23); cc_edges_e2=7 (+0.21),novel,78
468,TNF,TAM1/TAM2/microglia,IDH_WT,TAM_microglia,1.0,1.3848520706951286,1.3848520706951286,103.47837557536793,0.332,0.146,0.18600000000000003,1.0,1.0,1.0,1.9618168414402013,1.0,1.0,3.0,0.0,3.0,0.0,0.0066747111237441,0.005627865693459934,0.0,1.0,1.0,0.0,3.0,1.0,3,1,0,1,1,12086,25922,9696,2745,2745,0,1.0,0,1,,,,,0,0.4140457924250615,0.12850557395491888,deg_pooled_log2fc=1.96 (+0.33); cc_edges_e2=3 (+0.25); cc_n_cells_e1=1.21e+04 (+0.19),novel,79
470,C3AR1,TAM1/TAM2/microglia,IDH_WT,TAM_microglia,1.0,0.8191693115065118,0.8191693115065118,93.9981608544624,0.574,0.363,0.21099999999999997,1.0,1.0,1.0,1.4998452390535073,1.0,1.0,0.0,4.0,2.0,2.0,0.0977093082783739,0.05098393546440895,0.0,1.0,1.0,0.0,4.0,0.0,4,0,1,1,1,12086,25922,9696,2745,2745,0,0.0,0,1,,,,,0,0.4133844877185357,0.05716733556026844,deg_pooled_log2fc=1.5 (+0.28); cc_edges_e2=2 (+0.23); cc_n_cells_e1=1.21e+04 (+0.18),novel,80
487,FPR1,TAM1/TAM2/microglia,IDH_Mutant,TAM_microglia,1.0,0.6963076000213524,0.6963076000213524,39.53221449842776,0.511,0.367,0.14400000000000002,1.0,1.0,1.0,0.6383606487062171,1.0,2.0,0.0,10.0,5.0,5.0,0.0086008858847479,0.00602697727173577,0.0,1.0,4.0,8.0,10.0,0.0,10,0,1,1,1,12086,25922,2106,21701,2106,0,0.0,1,1,,,,,0,0.4050215605231684,0.0464658158892866,cc_n_partners=4 (+0.35); cc_edges_e2=5 (+0.23); deg_pct_diff=0.144 (+0.19),novel,81
488,TGFBR1,TAM1/TAM2/microglia,IDH_Mutant,TAM_microglia,1.0,1.1879902171924317,1.1879902171924317,57.04143479649057,0.418,0.247,0.17099999999999999,1.0,1.0,1.0,1.00198735485986,1.0,2.0,0.0,4.0,2.0,2.0,0.0050238491740621,0.003124057670555575,0.0,1.0,1.0,0.0,4.0,0.0,4,0,1,1,1,12086,25922,2106,21701,2106,0,0.0,1,1,,,,,0,0.40493891717311054,0.1510807549799476,cc_edges_e2=2 (+0.24); cc_n_cells_e1=1.21e+04 (+0.19); deg_pct_diff=0.171 (+0.16),novel,82
500,GPR37L1,OPC_GABA_like_tumor,IDH_WT,tumor,0.0,0.0,0.0,0.0,,,0.0,0.0,0.0,0.0,,0.0,0.0,0.0,9.0,9.0,0.0,0.0103328573239385,0.0037123086690787114,0.0,1.0,5.0,3.0,9.0,1.0,9,0,1,1,1,6741,14114,5040,1935,1935,0,0.0,0,0,,,,,0,0.40066393326142336,0.07376132036198679,cc_n_partners=5 (+0.23); deg_n_celltypes_sig=0 (+0.23); cc_edges_e2=9 (+0.20),novel,83
503,TNFRSF1B,OPC_GABA_AC_like_tumor,IDH_WT,tumor,0.0,0.0,0.0,0.0,,,0.0,0.0,0.0,0.0,,0.0,1.0,0.0,0.0,0.0,0.0,0.0,0.0,,0.0,0.0,0.0,0.0,,2,0,1,1,1,6202,1012,5384,171,171,0,0.0,0,0,,,,,0,0.3978641619349686,0.12700126433866457,cc_n_cells_e1=6.2e+03 (+0.19); cc_n_cells_e2=1.01e+03 (+0.08); deg_pooled_log2fc=nan (+0.06),novel,84
509,JAM3,cycling_tumor,IDH_Mutant,tumor,1.0,2.592247044781339,2.592247044781339,2.8828515932834065,0.132,0.007,0.125,1.0,1.0,1.0,2.3973352035949205,1.0,1.0,1.0,2.0,3.0,0.0,0.001159002926699,0.0009328306067242937,0.0,1.0,1.0,0.0,3.0,1.0,3,1,1,1,1,6410,814,270,136,136,0,1.0,1,1,,,,,0,0.39503620424657476,0.07180779911909968,deg_pooled_log2fc=2.4 (+0.32); cc_edges_e2=3 (+0.21); cc_n_cells_e1=6.41e+03 (+0.19),novel,85
528,NRXN2,OPC_GABA_like_tumor,IDH_WT,tumor,0.0,0.0,0.0,0.0,,,0.0,0.0,0.0,0.0,,0.0,1.0,10.0,0.0,10.0,0.0,0.0021343800502624,0.0013051518474101863,0.0,1.0,3.0,0.0,10.0,1.0,10,1,0,1,1,6741,14114,5040,1935,1935,0,0.0,0,0,,,,,0,0.3867764883856092,0.08242479567273547,cc_n_partners=3 (+0.30); cc_edges_e2=10 (+0.20); cc_n_cells_e1=6.74e+03 (+0.19),novel,86
545,APOE,TAM1/TAM2/microglia,IDH_Mutant,TAM_microglia,1.0,-0.3471822166621594,0.3471822166621594,25.414853480777044,0.985,0.892,0.09299999999999997,-1.0,1.0,1.0,-0.9791405155287736,1.0,5.0,6.0,0.0,3.0,3.0,0.2392234722575476,0.20058439002568906,0.0,1.0,2.0,2.0,6.0,0.0,36,1,0,1,7,12086,25922,2106,21701,2106,0,-0.0,1,1,2.0,TAM_microglia,myeloid_bridge,TAM lipid program (pathway-level),1,0.3783033838092004,0.054344930558703534,cc_n_partners=2 (+0.79); deg_n_celltypes_sig=5 (+0.29); cc_edges_e2=3 (+0.27),literature tier 2 (label),87
550,ITGAX,TAM1/TAM2/microglia,IDH_Mutant,TAM_microglia,0.0,0.0,0.0,0.0,,,0.0,0.0,0.0,0.0,,0.0,0.0,0.0,4.0,4.0,0.0,0.0442420541942578,0.0234334586245721,0.0,2.0,3.0,2.0,4.0,1.0,4,0,1,2,1,12086,25922,2106,21701,2106,0,0.0,1,0,,,,,0,0.37769637729545746,0.12536841828041675,cc_n_partners=3 (+0.33); deg_n_celltypes_sig=0 (+0.30); cc_edges_e2=4 (+0.20),novel,88
560,PCDHGA10,cycling_tumor,IDH_Mutant,tumor,1.0,3.7778153773002607,3.7778153773002607,6.261467363513313,0.213,0.019,0.194,1.0,1.0,1.0,2.410925101596722,1.0,1.0,0.0,0.0,0.0,0.0,0.0,0.0,,0.0,0.0,0.0,0.0,,2,1,1,1,1,6410,814,270,136,136,0,0.0,1,0,,,,,0,0.37263239319977265,0.08893068007014258,deg_pooled_log2fc=2.41 (+0.21); cc_n_cells_e1=6.41e+03 (+0.18); deg_pct_diff=0.194 (+0.13),novel,89
562,HLA-DMA,TAM1/TAM2/microglia,IDH_WT,TAM_microglia,0.0,0.0,0.0,0.0,,,0.0,0.0,0.0,0.0,,0.0,1.0,4.0,0.0,2.0,2.0,0.017037430185218,0.00849364729375935,0.0,1.0,1.0,0.0,4.0,0.0,8,1,0,1,3,12086,25922,9696,2745,2745,0,0.0,0,0,,,,,0,0.3698006504456918,0.12418558516365925,cc_edges_e2=2 (+0.23); cc_n_cells_e1=1.21e+04 (+0.23); cc_n_celltypes_total=3 (+0.05),novel,90
567,HLA-DMB,TAM1/TAM2/microglia,IDH_WT,TAM_microglia,0.0,0.0,0.0,0.0,,,0.0,0.0,0.0,0.0,,0.0,1.0,4.0,0.0,2.0,2.0,0.0046828301407175,0.002460909781326619,0.0,1.0,1.0,0.0,4.0,0.0,4,1,0,1,1,12086,25922,9696,2745,2745,0,0.0,0,0,,,,,0,0.36635841842603456,0.09369463911322443,cc_edges_e2=2 (+0.21); cc_n_cells_e1=1.21e+04 (+0.20); cc_max_prob=0.00468 (+0.08),novel,91
570,C3,TAM1/TAM2/microglia,IDH_WT,TAM_microglia,1.0,0.9200044734354852,0.9200044734354852,195.78743316022954,0.808,0.543,0.265,1.0,0.0,0.0,0.6393895524981916,1.0,2.0,6.0,0.0,3.0,3.0,0.0977093082783739,0.04598645097470667,0.0,1.0,1.0,0.0,6.0,0.0,6,1,0,1,1,12086,25922,9696,2745,2745,0,0.0,0,1,,,,,0,0.3653750941031201,0.05251332262488647,cc_edges_e2=3 (+0.25); cc_n_cells_e1=1.21e+04 (+0.21); deg_pct_diff=0.265 (+0.17),novel,92
585,HLA-E,AC_like_tumor,IDH_Mutant,tumor,0.0,0.0,0.0,0.0,,,0.0,0.0,0.0,0.0,,0.0,4.0,0.0,0.0,0.0,0.0,0.0,0.0,,0.0,0.0,0.0,0.0,,6,1,0,1,4,72549,446,4249,283,283,0,0.0,1,0,,,,,0,0.3591206683935645,0.028207131097098923,cc_n_cells_e1=7.25e+04 (+0.25); deg_n_celltypes_sig=4 (+0.17); cc_n_cells_e2=446 (+0.08),novel,93
592,P4HB,cycling_tumor,IDH_Mutant,tumor,0.0,0.0,0.0,0.0,,,0.0,0.0,0.0,0.0,,0.0,0.0,0.0,2.0,1.0,1.0,0.006613979542561,0.00406302455001975,0.0,1.0,1.0,2.0,2.0,0.0,5,0,1,1,3,6410,814,270,136,136,0,0.0,1,0,,,,,0,0.3550435463732088,0.10314917305392453,deg_n_celltypes_sig=0 (+0.29); cc_n_cells_e1=6.41e+03 (+0.21); cc_n_cells_e2=814 (+0.07),novel,94
606,HBEGF,TAM1/TAM2/microglia,IDH_Mutant,TAM_microglia,0.0,0.0,0.0,0.0,,,0.0,0.0,0.0,0.0,,0.0,0.0,7.0,0.0,0.0,7.0,0.0191470332237848,0.0075573265473107285,0.0,1.0,4.0,7.0,7.0,-1.0,7,1,0,1,1,12086,25922,2106,21701,2106,0,-0.0,1,0,,,,,0,0.34553400588567473,0.07352102748012616,cc_n_partners=4 (+0.26); deg_n_celltypes_sig=0 (+0.22); cc_n_cells_e1=1.21e+04 (+0.19),novel,95
612,LAIR1,OPC_GABA_AC_like_tumor,IDH_WT,tumor,0.0,0.0,0.0,0.0,,,0.0,0.0,0.0,0.0,,0.0,1.0,0.0,0.0,0.0,0.0,0.0,0.0,,0.0,0.0,0.0,0.0,,4,1,0,1,1,6202,1012,5384,171,171,0,0.0,0,0,,,,,0,0.34424914701724657,0.05091963852560255,cc_n_cells_e1=6.2e+03 (+0.21); cc_n_cells_e2=1.01e+03 (+0.08); cc_n_celltypes_total=1 (+0.05),novel,96
618,SDC3,cycling_tumor,IDH_WT,tumor,1.0,0.6181945221876667,0.6181945221876667,45.43056657574756,0.291,0.087,0.204,1.0,0.0,0.0,0.6175999945696687,1.0,2.0,0.0,11.0,11.0,0.0,0.0141883084146195,0.008330391207846137,0.0,1.0,7.0,3.0,11.0,1.0,11,0,1,1,1,6410,814,5847,663,663,0,1.0,0,1,,,,,0,0.34118413905723344,0.049317673766720485,cc_n_partners=7 (+0.29); cc_edges_e2=11 (+0.19); cc_n_cells_e1=6.41e+03 (+0.18),novel,97
626,LILRB4,OPC_GABA_AC_like_tumor,IDH_WT,tumor,0.0,0.0,0.0,0.0,,,0.0,0.0,0.0,0.0,,0.0,1.0,0.0,0.0,0.0,0.0,0.0,0.0,,0.0,0.0,0.0,0.0,,4,0,1,1,1,6202,1012,5384,171,171,0,0.0,0,0,2.0,TAM_microglia,myeloid_bridge,Myeloid checkpoint (pathway-level),0,0.33491695348667133,0.05525100553447973,cc_n_cells_e1=6.2e+03 (+0.19); cc_n_cells_e2=1.01e+03 (+0.08); cc_n_celltypes_total=1 (+0.05),"literature gene, other compartment",98
666,HLA-DRB5,AC_like_tumor,IDH_Mutant,tumor,0.0,0.0,0.0,0.0,,,0.0,0.0,0.0,0.0,,0.0,3.0,0.0,0.0,0.0,0.0,0.0,0.0,,0.0,0.0,0.0,0.0,,4,1,0,1,1,72549,446,4249,283,283,0,0.0,1,0,,,,,0,0.31907184933720795,0.024977813101793138,cc_n_cells_e1=7.25e+04 (+0.22); cc_n_cells_e2=446 (+0.08); deg_pooled_log2fc=nan (+0.05),novel,99
673,PTPRC,TAM1/TAM2/microglia,IDH_WT,TAM_microglia,1.0,0.5505794805630595,0.5505794805630595,66.96322637680849,0.707,0.524,0.18299999999999994,1.0,0.0,0.0,0.5658096020231276,1.0,3.0,2.0,2.0,2.0,2.0,0.0145823282133185,0.01200059842780445,0.0,2.0,1.0,0.0,4.0,0.0,8,1,1,2,2,12086,25922,9696,2745,2745,0,0.0,0,1,,,,,0,0.31617340196198007,0.05346325792387163,cc_edges_e2=2 (+0.26); cc_n_cells_e1=1.21e+04 (+0.24); deg_pct_diff=0.183 (+0.17),novel,100
704,GRN,OPC_GABA_AC_like_tumor,IDH_WT,tumor,0.0,0.0,0.0,0.0,,,0.0,0.0,0.0,0.0,,0.0,1.0,0.0,0.0,0.0,0.0,0.0,0.0,,0.0,0.0,0.0,0.0,,3,1,0,1,2,6202,1012,5384,171,171,0,0.0,0,0,,,,,0,0.30607751376460357,0.06383146663061184,cc_n_cells_e1=6.2e+03 (+0.23); cc_n_cells_e2=1.01e+03 (+0.08); deg_pooled_log2fc=nan (+0.05),novel,101
709,LRP1,AC_like_tumor,IDH_Mutant,tumor,0.0,0.0,0.0,0.0,,,0.0,0.0,0.0,0.0,,0.0,1.0,0.0,2.0,1.0,1.0,0.0013213158667165,0.00126051260428745,0.0,1.0,1.0,0.0,2.0,0.0,7,0,1,1,4,72549,446,4249,283,283,0,0.0,1,0,,,,,0,0.3049741819806736,0.05553397430275659,cc_n_cells_e1=7.25e+04 (+0.21); cc_n_cells_e2=446 (+0.07); cc_n_celltypes_total=4 (+0.04),novel,102
722,CLEC2B,AC_like_tumor,IDH_WT,tumor,0.0,0.0,0.0,0.0,,,0.0,0.0,0.0,0.0,,0.0,2.0,0.0,0.0,0.0,0.0,0.0,0.0,,0.0,0.0,0.0,0.0,,6,1,0,1,2,72549,446,64812,108,108,0,0.0,0,0,,,,,0,0.30238034573636174,0.0162161673321838,cc_n_cells_e1=7.25e+04 (+0.25); cc_n_cells_e2=446 (+0.08); deg_pooled_log2fc=nan (+0.05),novel,103
733,HLA-DQB1,TAM1/TAM2/microglia,IDH_WT,TAM_microglia,0.0,0.0,0.0,0.0,,,0.0,0.0,0.0,0.0,,0.0,1.0,4.0,0.0,2.0,2.0,0.018298993149735,0.00788969711259746,0.0,1.0,1.0,0.0,4.0,0.0,6,1,0,1,2,12086,25922,9696,2745,2745,0,0.0,0,0,,,,,0,0.3003290079201755,0.08803558753181946,cc_edges_e2=2 (+0.23); cc_n_cells_e1=1.21e+04 (+0.23); cc_n_celltypes_total=2 (+0.05),novel,104
739,CD69,TAM1/TAM2/microglia,IDH_Mutant,TAM_microglia,0.0,0.0,0.0,0.0,,,0.0,0.0,0.0,0.0,,0.0,1.0,2.0,0.0,2.0,0.0,0.0054582771010761,0.0049009474620876,0.0,1.0,1.0,2.0,2.0,1.0,6,1,0,1,2,12086,25922,2106,21701,2106,0,0.0,1,0,,,,,0,0.2996021111755979,0.05848111359439857,cc_edges_e2=2 (+0.24); cc_n_cells_e1=1.21e+04 (+0.23); cc_n_celltypes_total=2 (+0.04),novel,105
755,HLA-DQA1,TAM1/TAM2/microglia,IDH_WT,TAM_microglia,0.0,0.0,0.0,0.0,,,0.0,0.0,0.0,0.0,,0.0,2.0,4.0,0.0,2.0,2.0,0.0140740943328221,0.00499675499961522,0.0,1.0,1.0,0.0,4.0,0.0,4,1,0,1,1,12086,25922,9696,2745,2745,0,0.0,0,0,,,,,0,0.29341719752990675,0.05777381860071599,cc_n_cells_e1=1.21e+04 (+0.23); cc_edges_e2=2 (+0.22); deg_pooled_log2fc=nan (+0.05),novel,106
797,ANXA1,AC_like_tumor,IDH_WT,tumor,0.0,0.0,0.0,0.0,,,0.0,0.0,0.0,0.0,,0.0,4.0,2.0,0.0,0.0,2.0,0.0059288892579909,0.0052353810136908,0.0,1.0,1.0,2.0,2.0,-1.0,10,1,0,1,4,72549,446,64812,108,108,0,-0.0,0,0,,,,,0,0.2829426067183839,0.06066262706853732,cc_n_cells_e1=7.25e+04 (+0.26); deg_n_celltypes_sig=4 (+0.17); cc_n_cells_e2=446 (+0.07),novel,107
936,TMIGD3,OPC_GABA_AC_like_tumor,IDH_WT,tumor,0.0,0.0,0.0,0.0,,,0.0,0.0,0.0,0.0,,0.0,2.0,0.0,0.0,0.0,0.0,0.0,0.0,,0.0,0.0,0.0,0.0,,3,0,1,1,2,6202,1012,5384,171,171,0,0.0,0,0,,,,,0,0.25024072271199993,0.04341323515326638,cc_n_cells_e1=6.2e+03 (+0.24); cc_n_cells_e2=1.01e+03 (+0.08); deg_pooled_log2fc=nan (+0.05),novel,108
971,LGALS9,AC_like_tumor,IDH_WT,tumor,0.0,0.0,0.0,0.0,,,0.0,0.0,0.0,0.0,,0.0,1.0,0.0,0.0,0.0,0.0,0.0,0.0,,0.0,0.0,0.0,0.0,,13,1,0,1,1,72549,446,64812,108,108,0,0.0,0,0,2.0,"tumor,TAM_microglia",immune_synapse,HAVCR2 ligand (pathway-level),1,0.2366198783766941,0.050676824162393524,cc_edges_total=13 (+0.59); cc_n_cells_e1=7.25e+04 (+0.21); cc_n_celltypes_total=1 (+0.10),literature tier 2 (label),109
1020,PSAP,OPC_GABA_AC_like_tumor,IDH_WT,tumor,0.0,0.0,0.0,0.0,,,0.0,0.0,0.0,0.0,,0.0,0.0,0.0,0.0,0.0,0.0,0.0,0.0,,0.0,0.0,0.0,0.0,,9,1,0,1,5,6202,1012,5384,171,171,0,0.0,0,0,,,,,0,0.22080907112733775,0.07661034600542035,deg_n_celltypes_sig=0 (+0.32); cc_n_cells_e1=6.2e+03 (+0.23); cc_n_cells_e2=1.01e+03 (+0.06),novel,110
1028,AXL,OPC_GABA_AC_like_tumor,IDH_WT,tumor,0.0,0.0,0.0,0.0,,,0.0,0.0,0.0,0.0,,0.0,0.0,0.0,0.0,0.0,0.0,0.0,0.0,,0.0,0.0,0.0,0.0,,1,0,1,1,1,6202,1012,5384,171,171,0,0.0,0,0,2.0,"TAM_microglia,tumor",myeloid_bridge,TAM receptor family (pathway-level),1,0.21761224941293728,0.057187712746915295,deg_n_celltypes_sig=0 (+0.49); cc_n_cells_e1=6.2e+03 (+0.19); cc_edges_total=1 (+0.09),literature tier 2 (label),111
1030,TGFB1,OPC_GABA_AC_like_tumor,IDH_WT,tumor,0.0,0.0,0.0,0.0,,,0.0,0.0,0.0,0.0,,0.0,0.0,0.0,0.0,0.0,0.0,0.0,0.0,,0.0,0.0,0.0,0.0,,4,1,0,1,1,6202,1012,5384,171,171,0,0.0,0,0,2.0,"tumor,TAM_microglia",immune_synapse,Immunosuppressive cytokine (pathway-level),1,0.21629573472668887,0.02684969804497253,deg_n_celltypes_sig=0 (+0.43); cc_n_cells_e1=6.2e+03 (+0.21); cc_n_cells_e2=1.01e+03 (+0.08),literature tier 2 (label),112
1064,AREG,AC_like_tumor,IDH_WT,tumor,0.0,0.0,0.0,0.0,,,0.0,0.0,0.0,0.0,,0.0,2.0,0.0,0.0,0.0,0.0,0.0,0.0,,0.0,0.0,0.0,0.0,,7,1,0,1,1,72549,446,64812,108,108,0,0.0,0,0,,,,,0,0.2050374891729926,0.05830082720065825,cc_n_cells_e1=7.25e+04 (+0.22); cc_n_cells_e2=446 (+0.08); cc_n_celltypes_total=1 (+0.05),novel,113
1179,CLEC2D,AC_like_tumor,IDH_Mutant,tumor,0.0,0.0,0.0,0.0,,,0.0,0.0,0.0,0.0,,0.0,1.0,0.0,0.0,0.0,0.0,0.0,0.0,,0.0,0.0,0.0,0.0,,2,1,0,1,1,72549,446,4249,283,283,0,0.0,1,0,1.0,"tumor,TAM_microglia",immune_synapse,"Mathewson et al., Cell 2021",1,0.15912471216322416,0.026148940732365795,cc_n_cells_e1=7.25e+04 (+0.19); cc_n_cells_e2=446 (+0.08); deg_pooled_log2fc=nan (+0.06),literature tier 1 (label),114
