model,gene,published_tier,in_label_set,celltype_id,IDH_status,best_score,gene_rank,gene_percentile
immune_synapse,SPP1,1.0,0,OPC_GABA_AC_like_tumor,IDH_WT,0.9556672462563558,3,0.9997912317327766
immune_synapse,CD74,1.0,0,cycling_tumor,IDH_Mutant,0.94621525596599,4,0.9996868475991649
immune_synapse,TYROBP,2.0,0,cycling_tumor,IDH_WT,0.9099511974531407,9,0.9991649269311065
immune_synapse,EGFR,1.0,0,OPC_GABA_AC_like_tumor,IDH_WT,0.9072106110752166,10,0.9990605427974948
immune_synapse,TREM2,2.0,0,cycling_tumor,IDH_Mutant,0.89381464365169,15,0.9985386221294363
immune_synapse,MIF,1.0,0,TAM1/TAM2/microglia,IDH_WT,0.8898530722823612,17,0.998329853862213
immune_synapse,CLEC2D,1.0,0,T cell,IDH_WT,0.8884576746772874,18,0.9982254697286013
immune_synapse,PTN,1.0,0,T cell,IDH_WT,0.8790764595075802,25,0.9974947807933194
immune_synapse,CXCR4,1.0,0,cycling_tumor,IDH_WT,0.8675141312301102,41,0.9958246346555324
immune_synapse,CD44,1.0,0,cycling_tumor,IDH_WT,0.8429977594860404,93,0.9903966597077244
immune_synapse,CD99,2.0,0,cycling_tumor,IDH_Mutant,0.7903695202911117,249,0.9741127348643006
immune_synapse,APOE,2.0,0,T cell,IDH_WT,0.7736997453474141,300,0.9687891440501044
immune_synapse,TGFB1,2.0,0,cycling_tumor,IDH_Mutant,0.7516693099197086,376,0.9608559498956158
immune_synapse,PTPRZ1,1.0,0,T cell,IDH_WT,0.7305493593507275,440,0.9541753653444677
immune_synapse,KLRB1,1.0,0,T cell,IDH_Mutant,0.7278340314550491,454,0.952713987473904
immune_synapse,LGALS9,2.0,0,TAM1/TAM2/microglia,IDH_WT,0.7064444536840313,534,0.9443632567849687
immune_synapse,HLA-DRA,2.0,1,OPC_GABA_AC_like_tumor,IDH_WT,0.6933993395545185,604,0.9370563674321504
immune_synapse,CD4,2.0,0,cycling_tumor,IDH_Mutant,0.6738723277707719,708,0.9262004175365345
immune_synapse,LILRB4,2.0,0,cycling_tumor,IDH_Mutant,0.6218522638960422,1118,0.8834029227557412
immune_synapse,NCAM1,2.0,0,OPC_GABA_AC_like_tumor,IDH_Mutant,0.6132300881511583,1203,0.8745302713987474
immune_synapse,GRIA3,2.0,0,AC_like_tumor,IDH_Mutant,0.5604385737259017,1769,0.8154488517745303
immune_synapse,DLL3,1.0,0,AC_like_tumor,IDH_Mutant,0.5429513447394647,2001,0.791231732776618
immune_synapse,ENTPD1,1.0,0,TAM1/TAM2/microglia,IDH_WT,0.5320112819280224,2154,0.7752609603340292
immune_synapse,PDGFRA,1.0,0,OPC_GABA_AC_like_tumor,IDH_Mutant,0.4988417304217501,2665,0.7219206680584551
immune_synapse,HAVCR2,1.0,1,cycling_tumor,IDH_Mutant,0.48186794082667833,2925,0.6947807933194154
immune_synapse,GRIA2,1.0,0,OPC_GABA_AC_like_tumor,IDH_Mutant,0.47737316207665337,3001,0.686847599164927
immune_synapse,NRXN1,2.0,0,OPC_GABA_like_tumor,IDH_WT,0.40475964258656055,4455,0.5350730688935281
immune_synapse,GRIA4,2.0,0,OPC_GABA_like_tumor,IDH_WT,0.3805680112203364,4930,0.48549060542797495
immune_synapse,CNTN1,2.0,0,OPC_GABA_like_tumor,IDH_Mutant,0.3529559065539138,5398,0.4366388308977035
immune_synapse,NLGN3,1.0,0,OPC_GABA_like_tumor,IDH_WT,0.2984788748038584,6213,0.35156576200417533
immune_synapse,NLGN1,2.0,0,AC_like_tumor,IDH_Mutant,0.2772187889166274,6490,0.3226513569937369
immune_synapse,NOTCH1,2.0,0,OPC_GABA_like_tumor,IDH_WT,0.2588509619618439,6686,0.30219206680584554
