rank,gene,celltype_id,IDH_status,compartment,deg_is_sig,deg_log2fc,deg_abs_log2fc,deg_neglog10_padj,deg_pct_e2,deg_pct_e1,deg_pct_diff,deg_dir,deg_other_idh_sig,deg_other_idh_same_dir,deg_pooled_log2fc,deg_pooled_sig,deg_n_celltypes_sig,cc_lig_edges,cc_rec_edges,cc_edges_e2,cc_edges_e1,cc_max_prob,cc_mean_prob,cc_max_pval,cc_n_pathways,cc_n_partners,cc_cross_compartment_edges,cc_edges,cc_ephys_bias,cc_edges_total,cc_is_ligand,cc_is_receptor,cc_n_pathways_total,cc_n_celltypes_total,cc_n_cells_e1,cc_n_cells_e2,ctx_n_e1,ctx_n_e2,ctx_min_n,ctx_low_n,deg_cc_concordance,idh_mutant,rule_pass,llm_mention_rate,llm_unprompted_mention_rate,llm_mentions_per_run,llm_ctx_mention_rate,llm_n_runs,lit_tier,lit_compartments,lit_hypothesis,lit_reference,label,score,score_sd,top_reasons,status,gene_rank
1,GRIA4,cycling_tumor,IDH_Mutant,tumor,1.0,3.821438449183044,3.821438449183044,38.10029134533499,0.654,0.026,0.628,1.0,1.0,1.0,1.8628651002395609,1.0,4.0,0.0,3.0,3.0,0.0,0.0081863349032921,0.003932559284510067,0.0,1.0,2.0,1.0,3.0,1.0,15,0,1,1,4,6410,814,270,136,136,0,1.0,1,1,1.0,1.0,1.0,0.5,2,2.0,tumor,neuron_tumor,"AMPAR subunit family; Venkatesh et al., Nature 2019",1,0.9530412370605239,0.011828521499351622,deg_pooled_log2fc=1.86 (+0.76); cc_n_partners=2 (+0.50); cc_edges_total=15 (+0.42),literature tier 2 (label),1
2,PTPRZ1,cycling_tumor,IDH_Mutant,tumor,1.0,3.9950683487464,3.9950683487464,54.06263865962284,0.882,0.063,0.819,1.0,1.0,1.0,2.045027084086322,1.0,4.0,0.0,17.0,10.0,7.0,0.2412077448909423,0.11252141689864227,0.0,2.0,5.0,1.0,17.0,0.17647058823529413,77,0,1,2,4,6410,814,270,136,136,0,0.17647058823529413,1,1,1.0,1.0,26.5,1.0,2,1.0,tumor,myeloid_bridge,"Shi et al., Cell Stem Cell 2017",1,0.9347550440297498,0.007667572266432751,llm_ctx_mention_rate=1 (+0.87); deg_pooled_log2fc=2.05 (+0.75); cc_edges_total=77 (+0.67),literature tier 1 (label),2
3,NRXN1,cycling_tumor,IDH_Mutant,tumor,1.0,3.708429971077246,3.708429971077246,44.15627315584702,0.779,0.048,0.731,1.0,1.0,1.0,2.043076640812517,1.0,3.0,10.0,0.0,10.0,0.0,0.0028593048615199,0.0017488561969960198,0.0,1.0,3.0,0.0,10.0,1.0,50,1,0,1,4,6410,814,270,136,136,0,1.0,1,1,1.0,0.5,34.0,1.0,2,2.0,tumor,neuron_tumor,Presynaptic partner of NLGN3 (pathway-level),1,0.9320438675229198,0.014868787675108932,cc_edges_total=50 (+0.87); llm_ctx_mention_rate=1 (+0.66); deg_pooled_log2fc=2.04 (+0.62),literature tier 2 (label),3
10,NLGN1,cycling_tumor,IDH_WT,tumor,1.0,1.8692054620801803,1.8692054620801803,214.48714471695223,0.472,0.062,0.41,1.0,1.0,1.0,2.041365180521054,1.0,2.0,0.0,6.0,6.0,0.0,0.0149916283128588,0.004876576865905467,0.0,1.0,4.0,0.0,6.0,1.0,18,0,1,1,3,6410,814,5847,663,663,0,1.0,0,1,1.0,1.0,9.0,1.0,2,2.0,tumor,neuron_tumor,Neuroligin family (pathway-level),1,0.9176872763252373,0.019700738494502355,llm_ctx_mention_rate=1 (+0.93); deg_pooled_log2fc=2.04 (+0.68); cc_edges_total=18 (+0.47),literature tier 2 (label),4
16,GRIK2,cycling_tumor,IDH_WT,tumor,1.0,4.528205178189482,4.528205178189482,300.0,0.389,0.012,0.377,1.0,1.0,1.0,4.631978706508267,1.0,2.0,0.0,3.0,3.0,0.0,0.0065597772960454,0.0031500068338564404,0.0,1.0,2.0,1.0,3.0,1.0,6,0,1,1,2,6410,814,5847,663,663,0,1.0,0,1,0.5,0.5,0.5,0.5,2,,,,,0,0.8847976083357081,0.06434270535651146,deg_pooled_log2fc=4.63 (+0.54); cc_n_partners=2 (+0.51); llm_ctx_mention_rate=0.5 (+0.27),novel,5
21,TYROBP,TAM1/TAM2/microglia,IDH_Mutant,TAM_microglia,1.0,-0.7382940458645026,0.7382940458645026,265.51725895517706,0.92,0.973,-0.052999999999999936,-1.0,0.0,0.0,-0.6159331215141179,1.0,6.0,0.0,38.0,19.0,19.0,0.2392234722575476,0.08750399753816233,0.03,2.0,7.0,34.0,38.0,0.0,57,0,1,2,2,12086,25922,2106,21701,2106,0,-0.0,1,1,1.0,1.0,4.5,1.0,2,2.0,TAM_microglia,myeloid_bridge,TREM2 adaptor (pathway-level),1,0.8510020226179258,0.02189266639301735,llm_ctx_mention_rate=1 (+0.96); cc_edges_total=57 (+0.71); cc_n_cells_e1=1.21e+04 (+0.24),literature tier 2 (label),6
22,NCL,cycling_tumor,IDH_Mutant,tumor,1.0,0.5154348925750831,0.5154348925750831,2.8279806111916863,0.853,0.452,0.40099999999999997,1.0,1.0,1.0,0.8838980851522424,1.0,3.0,0.0,16.0,9.0,7.0,0.1944223049077292,0.11037823575024061,0.0,2.0,4.0,0.0,16.0,0.125,70,0,1,2,7,6410,814,270,136,136,0,0.125,1,1,0.5,0.5,1.0,0.5,2,,,,,0,0.8509780042364067,0.025152849141193,cc_edges_total=70 (+0.58); llm_mentions_per_run=1 (+0.46); cc_n_cells_e1=6.41e+03 (+0.23),novel,7
26,BSG,cycling_tumor,IDH_WT,tumor,1.0,1.634504647128292,1.634504647128292,200.83427001293353,0.851,0.25,0.601,1.0,0.0,0.0,1.472420085272131,1.0,3.0,0.0,13.0,13.0,0.0,0.1356608701322122,0.10899925749619775,0.0,1.0,7.0,5.0,13.0,1.0,56,0,1,1,4,6410,814,5847,663,663,0,1.0,0,1,0.5,0.5,0.5,0.5,2,,,,,0,0.8417713176297912,0.048102359548073334,cc_edges_total=56 (+0.66); deg_pooled_log2fc=1.47 (+0.61); cc_n_cells_e1=6.41e+03 (+0.23),novel,8
32,EGFR,cycling_tumor,IDH_Mutant,tumor,1.0,3.583022084327702,3.583022084327702,35.3294962415499,0.669,0.041,0.628,1.0,1.0,0.0,,0.0,3.0,0.0,4.0,2.0,2.0,0.0064027402138418,0.003551269548778375,0.0,1.0,2.0,4.0,4.0,0.0,14,0,1,1,4,6410,814,270,136,136,0,0.0,1,1,1.0,1.0,10.5,1.0,2,1.0,tumor,growth,"Brennan et al., Cell 2013 (TCGA GBM)",1,0.8265637285864094,0.04956382749070364,llm_ctx_mention_rate=1 (+0.99); cc_n_partners=2 (+0.50); cc_edges_total=14 (+0.35),literature tier 1 (label),9
39,PTN,cycling_tumor,IDH_Mutant,tumor,1.0,3.4586284775785563,3.4586284775785563,52.05251881221618,0.926,0.089,0.8370000000000001,1.0,1.0,1.0,0.9083364290477598,1.0,1.0,35.0,0.0,18.0,17.0,0.2619954091305924,0.12375513685284249,0.03,1.0,5.0,4.0,35.0,0.02857142857142857,137,1,0,1,7,6410,814,270,136,136,0,0.02857142857142857,1,1,1.0,1.0,56.5,1.0,2,1.0,TAM_microglia,myeloid_bridge,"Shi et al., Cell Stem Cell 2017",0,0.8057214434199407,0.02639885422914519,llm_ctx_mention_rate=1 (+0.74); cc_edges_total=137 (+0.64); llm_mentions_per_run=56.5 (+0.23),"literature gene, other compartment",10
45,GLS,TAM1/TAM2/microglia,IDH_Mutant,TAM_microglia,1.0,1.1064324236649108,1.1064324236649108,59.4595764004668,0.46,0.286,0.17400000000000004,1.0,1.0,1.0,1.3231426999977598,1.0,2.0,13.0,0.0,13.0,0.0,0.0580182501147297,0.014240210546249892,0.0,1.0,4.0,13.0,13.0,1.0,39,1,0,1,2,12086,25922,2106,21701,2106,0,1.0,1,1,1.0,1.0,2.0,1.0,2,,,,,0,0.8004382330333453,0.1350153096638787,llm_ctx_mention_rate=1 (+0.83); llm_mention_rate=1 (+0.24); cc_n_cells_e1=1.21e+04 (+0.23),novel,11
55,DAG1,cycling_tumor,IDH_Mutant,tumor,1.0,2.3691077077899365,2.3691077077899365,7.607543301074982,0.257,0.026,0.231,1.0,1.0,1.0,1.150522854828894,1.0,2.0,0.0,6.0,6.0,0.0,0.0134431326010437,0.004370217139411733,0.0,1.0,4.0,0.0,6.0,1.0,6,0,1,1,1,6410,814,270,136,136,0,1.0,1,1,0.5,0.5,1.5,0.5,2,,,,,0,0.7717902985253733,0.05783249053394949,llm_mentions_per_run=1.5 (+0.47); llm_ctx_mention_rate=0.5 (+0.26); llm_mention_rate=0.5 (+0.23),novel,12
57,TREM2,TAM1/TAM2/microglia,IDH_WT,TAM_microglia,1.0,0.4580206192774372,0.4580206192774372,64.2337844280178,0.777,0.571,0.20600000000000007,1.0,0.0,0.0,,0.0,2.0,0.0,38.0,19.0,19.0,0.2392234722575476,0.08750399753816233,0.03,2.0,7.0,34.0,38.0,0.0,57,0,1,2,2,12086,25922,9696,2745,2745,0,0.0,0,1,1.0,1.0,4.5,1.0,2,2.0,TAM_microglia,myeloid_bridge,TAM marker (pathway-level),1,0.7699559462607104,0.06559024174923613,llm_ctx_mention_rate=1 (+0.96); cc_edges_total=57 (+0.68); llm_mentions_per_run=4.5 (+0.24),literature tier 2 (label),13
63,NCAM1,cycling_tumor,IDH_Mutant,tumor,1.0,4.828096259857139,4.828096259857139,49.45073162514205,0.787,0.037,0.75,1.0,1.0,1.0,2.6541876782611045,1.0,5.0,6.0,5.0,11.0,0.0,0.0539088305225066,0.022144309504525565,0.0,1.0,4.0,0.0,11.0,1.0,55,1,1,1,4,6410,814,270,136,136,0,1.0,1,1,0.0,0.0,0.0,0.0,2,2.0,tumor,neuron_tumor,Synaptic adhesion (pathway-level),1,0.752114827887007,0.05610727490515761,cc_edges_total=55 (+0.90); deg_pooled_log2fc=2.65 (+0.85); deg_n_celltypes_sig=5 (+0.39),literature tier 2 (label),14
65,GRIA2,cycling_tumor,IDH_Mutant,tumor,1.0,4.653403958396013,4.653403958396013,37.39719059706227,0.647,0.03,0.617,1.0,1.0,1.0,2.6067381794114644,1.0,4.0,0.0,3.0,3.0,0.0,0.0081782421612816,0.003928664324832367,0.0,1.0,2.0,1.0,3.0,1.0,12,0,1,1,3,6410,814,270,136,136,0,1.0,1,1,1.0,0.5,4.5,0.5,2,1.0,tumor,neuron_tumor,"Venkatesh et al., Nature 2019; Venkataramani et al., Nature 2019",1,0.748678593068277,0.10724501918978313,deg_pooled_log2fc=2.61 (+0.82); cc_n_partners=2 (+0.50); llm_ctx_mention_rate=0.5 (+0.34),literature tier 1 (label),15
68,NOTCH1,cycling_tumor,IDH_WT,tumor,1.0,2.186278539926624,2.186278539926624,186.2528481982885,0.383,0.046,0.337,1.0,0.0,0.0,2.0468222299775896,1.0,2.0,0.0,8.0,8.0,0.0,0.0102880806075418,0.004045192693051016,0.0,2.0,4.0,0.0,8.0,1.0,16,0,1,2,2,6410,814,5847,663,663,0,1.0,0,1,0.5,0.5,1.0,0.0,2,2.0,tumor,growth,Notch pathway (pathway-level),1,0.7368244216421023,0.08172169974230052,deg_pooled_log2fc=2.05 (+0.54); cc_edges_total=16 (+0.48); llm_mentions_per_run=1 (+0.43),literature tier 2 (label),16
74,PDGFRA,cycling_tumor,IDH_WT,tumor,1.0,4.463580373741013,4.463580373741013,300.0,0.664,0.036,0.628,1.0,1.0,1.0,3.948858685997316,1.0,4.0,0.0,2.0,2.0,0.0,0.0119692946711039,0.0077375447327477,0.0,1.0,2.0,1.0,2.0,1.0,6,0,1,1,3,6410,814,5847,663,663,0,1.0,0,1,0.0,0.0,0.0,0.0,2,1.0,tumor,growth,"Brennan et al., Cell 2013; Verhaak et al., Cancer Cell 2010",1,0.7251931539989486,0.06734559348153867,deg_pooled_log2fc=3.95 (+0.85); cc_n_partners=2 (+0.53); deg_n_celltypes_sig=4 (+0.29),literature tier 1 (label),17
75,LRRTM2,cycling_tumor,IDH_Mutant,tumor,1.0,4.007836668405867,4.007836668405867,5.2846177479249645,0.169,0.007,0.162,1.0,1.0,1.0,1.001053071696476,1.0,3.0,0.0,6.0,6.0,0.0,0.0103806915753576,0.00337061154555855,0.0,1.0,4.0,0.0,6.0,1.0,12,0,1,1,2,6410,814,270,136,136,0,1.0,1,1,0.5,0.5,2.0,0.5,2,,,,,0,0.7250541288349961,0.0944249850805974,llm_ctx_mention_rate=0.5 (+0.26); cc_n_cells_e1=6.41e+03 (+0.21); llm_mention_rate=0.5 (+0.20),novel,18
76,MPZL1,cycling_tumor,IDH_WT,tumor,1.0,2.127937477347736,2.127937477347736,191.79615545642392,0.493,0.081,0.412,1.0,0.0,0.0,1.8598006636625044,1.0,4.0,2.0,2.0,4.0,0.0,0.0023450528994386,0.0022104610097024,0.0,1.0,2.0,2.0,4.0,1.0,8,1,1,1,2,6410,814,5847,663,663,0,1.0,0,1,0.0,0.0,0.0,0.0,2,,,,,0,0.72438235142737,0.07980790250627415,deg_pooled_log2fc=1.86 (+0.59); cc_n_partners=2 (+0.53); deg_n_celltypes_sig=4 (+0.28),novel,19
77,KLRB1,OPC_GABA_AC_like_tumor,IDH_WT,tumor,0.0,0.0,0.0,0.0,,,0.0,0.0,0.0,0.0,,0.0,0.0,0.0,0.0,0.0,0.0,0.0,0.0,,0.0,0.0,0.0,0.0,,14,0,1,1,1,6202,1012,5384,171,171,0,0.0,0,0,1.0,1.0,7.0,0.0,2,1.0,T_cell,immune_synapse,"Mathewson et al., Cell 2021",0,0.7215872813660629,0.09153015330338185,deg_n_celltypes_sig=0 (+0.35); llm_mention_rate=1 (+0.27); cc_edges_total=14 (+0.22),"literature gene, other compartment",20
79,CNTN1,cycling_tumor,IDH_WT,tumor,1.0,4.193702883339663,4.193702883339663,300.0,0.428,0.015,0.413,1.0,1.0,1.0,3.9210720403512047,1.0,4.0,8.0,0.0,8.0,0.0,0.0116509341895663,0.003926612890837995,0.0,1.0,4.0,0.0,8.0,1.0,16,1,0,1,2,6410,814,5847,663,663,0,1.0,0,1,1.0,0.0,4.0,0.0,2,2.0,tumor,neuron_tumor,Synaptic adhesion (pathway-level),1,0.7211555261078448,0.08770495529823788,deg_pooled_log2fc=3.92 (+0.61); cc_edges_total=16 (+0.51); deg_n_celltypes_sig=4 (+0.29),literature tier 2 (label),21
83,APP,cycling_tumor,IDH_Mutant,tumor,1.0,3.047695379909121,3.047695379909121,30.167954522455883,0.662,0.074,0.5880000000000001,1.0,1.0,1.0,0.699568325640972,1.0,3.0,13.0,0.0,13.0,0.0,0.0953371521546039,0.04503520625305321,0.0,1.0,6.0,10.0,13.0,1.0,78,1,0,1,4,6410,814,270,136,136,0,1.0,1,1,0.0,0.0,0.0,0.0,2,,,,,0,0.7138778694763381,0.09499311014453947,cc_edges_total=78 (+0.90); cc_n_cells_e1=6.41e+03 (+0.22); deg_pct_diff=0.588 (+0.13),novel,22
92,CDH2,cycling_tumor,IDH_Mutant,tumor,1.0,2.6981053725906845,2.6981053725906845,16.020476888215608,0.39,0.03,0.36,1.0,1.0,1.0,0.8498387895961115,1.0,1.0,4.0,4.0,8.0,0.0,0.0076576511402805,0.0047415855174035,0.0,1.0,3.0,0.0,8.0,1.0,32,1,1,1,3,6410,814,270,136,136,0,1.0,1,1,0.0,0.0,0.0,0.0,2,,,,,0,0.7011959959655503,0.11461191924625533,cc_n_partners=3 (+0.29); cc_n_cells_e1=6.41e+03 (+0.21); cc_edges_e2=8 (+0.14),novel,23
99,GRIA3,cycling_tumor,IDH_Mutant,tumor,1.0,5.380637217529915,5.380637217529915,13.383804944810485,0.287,0.007,0.27999999999999997,1.0,1.0,1.0,1.3787508387172114,1.0,2.0,0.0,3.0,3.0,0.0,0.0040368629211877,0.0019373749634117178,0.0,1.0,2.0,1.0,3.0,1.0,6,0,1,1,2,6410,814,270,136,136,0,1.0,1,1,1.0,1.0,1.0,0.5,2,2.0,tumor,neuron_tumor,"AMPAR subunit family; Venkatesh et al., Nature 2019",1,0.6932460332729569,0.1423466944838416,cc_n_partners=2 (+0.51); deg_pooled_log2fc=1.38 (+0.44); llm_mentions_per_run=1 (+0.44),literature tier 2 (label),24
105,HLA-DRA,TAM1/TAM2/microglia,IDH_WT,TAM_microglia,0.0,0.0,0.0,0.0,,,0.0,0.0,0.0,0.0,,0.0,5.0,4.0,0.0,2.0,2.0,0.0431531889546866,0.02156299090804295,0.0,1.0,1.0,0.0,4.0,0.0,20,1,0,1,7,12086,25922,9696,2745,2745,0,0.0,0,0,1.0,1.0,41.0,1.0,2,2.0,TAM_microglia,immune_synapse,MHC-II antigen presentation (pathway-level),1,0.6900390530886726,0.06087835429116865,llm_ctx_mention_rate=1 (+0.88); cc_edges_total=20 (+0.30); llm_mention_rate=1 (+0.26),literature tier 2 (label),25
107,CD4,OPC_GABA_AC_like_tumor,IDH_WT,tumor,0.0,0.0,0.0,0.0,,,0.0,0.0,0.0,0.0,,0.0,1.0,0.0,0.0,0.0,0.0,0.0,0.0,,0.0,0.0,0.0,0.0,,88,0,1,1,1,6202,1012,5384,171,171,0,0.0,0,0,1.0,1.0,18.0,0.0,2,2.0,T_cell,immune_synapse,MHC-II co-receptor (pathway-level),0,0.6887486183766027,0.09029494366655623,cc_edges_total=88 (+1.11); llm_mention_rate=1 (+0.25); cc_n_cells_e1=6.2e+03 (+0.19),"literature gene, other compartment",26
112,NRCAM,cycling_tumor,IDH_Mutant,tumor,1.0,3.4835751532088644,3.4835751532088644,26.77674310433104,0.559,0.041,0.518,1.0,1.0,1.0,0.3838670058278617,1.0,4.0,0.0,2.0,2.0,0.0,0.005371724448235,0.005233137050460249,0.0,1.0,2.0,0.0,2.0,1.0,12,0,1,1,4,6410,814,270,136,136,0,1.0,1,1,1.0,1.0,3.0,0.0,2,,,,,0,0.6851226752297039,0.14764212710983116,cc_n_partners=2 (+0.49); llm_mention_rate=1 (+0.25); cc_n_cells_e1=6.41e+03 (+0.21),novel,27
122,DLL1,cycling_tumor,IDH_WT,tumor,1.0,5.679976711877195,5.679976711877195,300.0,0.287,0.004,0.283,1.0,1.0,1.0,5.212429076298599,1.0,2.0,2.0,0.0,2.0,0.0,0.000707569088656626,0.0006363527970828948,0.0,1.0,2.0,0.0,2.0,1.0,4,1,0,1,2,6410,814,5847,663,663,0,1.0,0,1,0.0,0.0,0.0,0.0,2,,,,,0,0.6735446011959615,0.061679561929551305,cc_n_partners=2 (+0.54); deg_pooled_log2fc=5.21 (+0.51); cc_n_cells_e1=6.41e+03 (+0.20),novel,28
124,SPP1,TAM1/TAM2/microglia,IDH_Mutant,TAM_microglia,1.0,0.9724987470856216,0.9724987470856216,228.2688017447793,0.896,0.63,0.266,1.0,0.0,0.0,-0.8376686343080255,1.0,4.0,10.0,0.0,5.0,5.0,0.0600743503220592,0.03767848687725736,0.0,1.0,4.0,8.0,10.0,0.0,55,1,0,1,7,12086,25922,2106,21701,2106,0,0.0,1,1,0.5,0.0,1.5,0.0,2,1.0,TAM_microglia,myeloid_bridge,"Wei et al., J Clin Invest 2019",1,0.6724035567529085,0.16458741546121453,cc_edges_total=55 (+0.71); llm_mentions_per_run=1.5 (+0.45); deg_n_celltypes_sig=4 (+0.27),literature tier 1 (label),29
163,SLC1A1,cycling_tumor,IDH_WT,tumor,1.0,2.32828688324089,2.32828688324089,177.71930105276633,0.312,0.03,0.28200000000000003,1.0,0.0,0.0,2.2582834083093024,1.0,2.0,13.0,0.0,13.0,0.0,0.0085000406509992,0.002037173081619591,0.0,1.0,4.0,0.0,13.0,1.0,13,1,0,1,1,6410,814,5847,663,663,0,1.0,0,1,0.0,0.0,0.0,0.0,2,,,,,0,0.6267716399716072,0.1294534733819974,deg_pooled_log2fc=2.26 (+0.56); cc_edges_total=13 (+0.55); cc_n_partners=4 (+0.25),novel,30
166,CADM1,OPC_GABA_like_tumor,IDH_Mutant,tumor,1.0,0.3166143080291086,0.3166143080291086,6.401929440123118,0.49,0.408,0.08200000000000002,1.0,0.0,0.0,,0.0,2.0,8.0,8.0,8.0,8.0,0.0116234274434474,0.006223641285348925,0.0,1.0,3.0,0.0,16.0,0.0,32,1,1,1,3,6741,14114,1658,11741,1658,0,0.0,1,1,0.0,0.0,0.0,0.0,2,,,,,0,0.6258097640140485,0.11242799480205147,cc_n_partners=3 (+0.39); cc_n_cells_e1=6.74e+03 (+0.23); cc_edges_e2=8 (+0.15),novel,31
178,AREG,T cell,IDH_Mutant,T_cell,1.0,2.621978049134785,2.621978049134785,45.230029365178375,0.524,0.143,0.381,1.0,1.0,1.0,1.3790139787467863,1.0,2.0,7.0,0.0,7.0,0.0,0.0324842206972956,0.012891952110335543,0.0,1.0,4.0,7.0,7.0,1.0,7,1,0,1,1,2662,1463,941,334,334,0,1.0,1,1,1.0,0.5,11.5,1.0,2,,,,,0,0.6071735595001753,0.10473772322495431,llm_ctx_mention_rate=1 (+0.76); deg_pooled_log2fc=1.38 (+0.40); llm_mentions_per_run=11.5 (+0.39),novel,32
179,SLC1A3,TAM1/TAM2/microglia,IDH_Mutant,TAM_microglia,1.0,0.5232657214623875,0.5232657214623875,70.94462165138104,0.9,0.783,0.11699999999999999,1.0,1.0,1.0,1.4026188000090016,1.0,3.0,13.0,0.0,13.0,0.0,0.0580182501147297,0.014240210546249892,0.0,1.0,4.0,13.0,13.0,1.0,26,1,0,1,2,12086,25922,2106,21701,2106,0,1.0,1,1,0.0,0.0,0.0,0.0,2,,,,,0,0.6016497093196145,0.07241759331674276,deg_pooled_log2fc=1.4 (+0.44); cc_n_cells_e1=1.21e+04 (+0.23); cc_n_partners=4 (+0.20),novel,33
186,CLSTN1,cycling_tumor,IDH_Mutant,tumor,0.0,0.0,0.0,0.0,,,0.0,0.0,0.0,0.0,,0.0,1.0,0.0,6.0,6.0,0.0,0.0084269247922976,0.002734139854995377,0.0,1.0,4.0,0.0,6.0,1.0,12,0,1,1,2,6410,814,270,136,136,0,0.0,1,0,0.5,0.5,3.0,0.5,2,,,,,0,0.5911808320247482,0.03159996632188396,llm_ctx_mention_rate=0.5 (+0.25); cc_n_cells_e1=6.41e+03 (+0.21); llm_mention_rate=0.5 (+0.21),novel,34
187,CD74,OPC_GABA_AC_like_tumor,IDH_WT,tumor,1.0,-5.750809206703872,5.750809206703872,8.57196556734812,0.012,0.266,-0.254,-1.0,1.0,1.0,-2.7587158941915417,1.0,5.0,0.0,3.0,0.0,3.0,0.0151993918896934,0.013638357598851734,0.0,1.0,2.0,0.0,3.0,-1.0,109,0,1,2,6,6202,1012,5384,171,171,0,1.0,0,1,0.0,0.0,0.0,0.0,2,1.0,TAM_microglia,myeloid_bridge,"Ghoochani et al., Oncotarget 2016",0,0.59002181539801,0.07800597970960949,cc_edges_total=109 (+1.11); cc_n_partners=2 (+0.45); cc_n_cells_e1=6.2e+03 (+0.22),"literature gene, other compartment",35
206,PPIA,TAM1/TAM2/microglia,IDH_WT,TAM_microglia,1.0,-0.367224250145898,0.367224250145898,32.65124251150428,0.835,0.842,-0.007000000000000006,-1.0,1.0,1.0,-0.7277355094696292,1.0,2.0,7.0,0.0,3.0,4.0,0.0978378557322367,0.04184953839754516,0.04,1.0,3.0,7.0,7.0,-0.14285714285714285,56,1,0,1,7,12086,25922,9696,2745,2745,0,0.14285714285714285,0,1,0.5,0.5,0.5,0.0,2,,,,,0,0.5604477072359585,0.0781586288151057,cc_edges_total=56 (+0.80); cc_n_partners=3 (+0.32); cc_n_cells_e1=1.21e+04 (+0.23),novel,36
208,SLIT1,OPC_GABA_like_tumor,IDH_WT,tumor,1.0,2.292751832614345,2.292751832614345,68.99620307387318,0.128,0.021,0.107,1.0,1.0,1.0,2.794243236803573,1.0,2.0,2.0,0.0,2.0,0.0,0.0026014314511136,0.00193069735608075,0.0,1.0,2.0,0.0,2.0,1.0,2,1,0,1,1,6741,14114,5040,1935,1935,0,1.0,0,1,0.0,0.0,0.0,0.0,2,,,,,0,0.5534743817332891,0.05386537887156643,cc_n_partners=2 (+0.55); deg_pooled_log2fc=2.79 (+0.44); cc_n_cells_e1=6.74e+03 (+0.17),novel,37
209,ITGAV,cycling_tumor,IDH_Mutant,tumor,1.0,0.539067686834929,0.539067686834929,1.8568969586238986,0.368,0.13,0.238,1.0,1.0,1.0,0.3303134313322708,1.0,3.0,0.0,13.0,13.0,0.0,0.029255088299547,0.012036451921385891,0.0,3.0,7.0,5.0,13.0,1.0,39,0,1,3,3,6410,814,270,136,136,0,1.0,1,1,1.0,1.0,2.0,0.0,2,,,,,0,0.5509763699628725,0.10383988391841979,cc_n_cells_e1=6.41e+03 (+0.22); llm_mention_rate=1 (+0.22); deg_pct_diff=0.238 (+0.14),novel,38
211,PTGER4,AC_like_tumor,IDH_Mutant,tumor,0.0,0.0,0.0,0.0,,,0.0,0.0,0.0,0.0,,0.0,0.0,0.0,0.0,0.0,0.0,0.0,0.0,,0.0,0.0,0.0,0.0,,14,0,1,1,1,72549,446,4249,283,283,0,0.0,1,0,0.0,0.0,0.0,0.0,2,,,,,0,0.5501307010578982,0.15131893281560654,deg_n_celltypes_sig=0 (+0.34); cc_edges_total=14 (+0.30); cc_n_cells_e1=7.25e+04 (+0.21),novel,39
212,ADORA3,TAM1/TAM2/microglia,IDH_Mutant,TAM_microglia,0.0,0.0,0.0,0.0,,,0.0,0.0,0.0,0.0,,0.0,0.0,1.0,0.0,1.0,0.0,0.0039014203393133,0.0039014203393133,0.0,1.0,1.0,0.0,1.0,1.0,1,1,0,1,1,12086,25922,2106,21701,2106,0,0.0,1,0,0.0,0.0,0.0,0.0,2,,,,,0,0.5497619783016028,0.03865849415229725,deg_n_celltypes_sig=0 (+0.64); cc_n_cells_e1=1.21e+04 (+0.19); cc_edges_total=1 (+0.12),novel,40
214,THY1,cycling_tumor,IDH_WT,tumor,1.0,2.086533598784398,2.086533598784398,300.0,0.617,0.071,0.546,1.0,1.0,1.0,2.0196759371826856,1.0,4.0,1.0,0.0,1.0,0.0,0.0141911373026763,0.0141911373026763,0.0,1.0,1.0,1.0,1.0,1.0,2,1,0,1,2,6410,814,5847,663,663,0,1.0,0,1,0.0,0.0,0.0,0.0,2,,,,,0,0.5494836883446432,0.09985615043155319,deg_pooled_log2fc=2.02 (+0.53); deg_n_celltypes_sig=4 (+0.23); cc_n_cells_e1=6.41e+03 (+0.21),novel,41
215,NCAM2,cycling_tumor,IDH_Mutant,tumor,1.0,4.01083004443889,4.01083004443889,9.949480699379908,0.25,0.011,0.239,1.0,1.0,1.0,1.9479715419887156,1.0,2.0,0.0,5.0,5.0,0.0,0.0081777990732763,0.0035688930945901197,0.0,1.0,4.0,0.0,5.0,1.0,5,0,1,1,1,6410,814,270,136,136,0,1.0,1,1,0.0,0.0,0.0,0.0,2,,,,,0,0.5474771063936026,0.06155437879088731,deg_pooled_log2fc=1.95 (+0.53); cc_n_partners=4 (+0.26); cc_n_cells_e1=6.41e+03 (+0.18),novel,42
224,MRC1,TAM1/TAM2/microglia,IDH_WT,TAM_microglia,0.0,0.0,0.0,0.0,,,0.0,0.0,0.0,0.0,,0.0,0.0,0.0,4.0,4.0,0.0,0.0190396652672054,0.014954905079611875,0.0,1.0,2.0,2.0,4.0,1.0,4,0,1,1,1,12086,25922,9696,2745,2745,0,0.0,0,0,0.0,0.0,0.0,0.0,2,,,,,0,0.5419837815795158,0.1431487816525711,deg_n_celltypes_sig=0 (+0.53); cc_n_partners=2 (+0.44); cc_n_cells_e1=1.21e+04 (+0.18),novel,43
239,APOE,TAM1/TAM2/microglia,IDH_Mutant,TAM_microglia,1.0,-0.3471822166621594,0.3471822166621594,25.414853480777044,0.985,0.892,0.09299999999999997,-1.0,1.0,1.0,-0.9791405155287736,1.0,5.0,6.0,0.0,3.0,3.0,0.2392234722575476,0.20058439002568906,0.0,1.0,2.0,2.0,6.0,0.0,36,1,0,1,7,12086,25922,2106,21701,2106,0,-0.0,1,1,1.0,0.5,5.0,1.0,2,2.0,TAM_microglia,myeloid_bridge,TAM lipid program (pathway-level),1,0.5305304567068019,0.10266700357939966,llm_ctx_mention_rate=1 (+0.85); cc_n_partners=2 (+0.42); cc_n_cells_e1=1.21e+04 (+0.23),literature tier 2 (label),44
250,DLL3,OPC_GABA_like_tumor,IDH_WT,tumor,1.0,4.5360143154011725,4.5360143154011725,300.0,0.71,0.066,0.6439999999999999,1.0,1.0,1.0,4.047193945889483,1.0,4.0,2.0,0.0,2.0,0.0,0.0102880806075418,0.00926053756614685,0.0,1.0,2.0,0.0,2.0,1.0,8,1,0,1,4,6741,14114,5040,1935,1935,0,1.0,0,1,0.0,0.0,0.0,0.0,2,1.0,tumor,growth,"Spino et al., Clin Cancer Res 2019 (IDH-mutant glioma)",1,0.5254279926958721,0.07048408545788395,deg_pooled_log2fc=4.05 (+0.86); cc_n_partners=2 (+0.55); deg_n_celltypes_sig=4 (+0.29),literature tier 1 (label),45
263,MIF,AC_like_tumor,IDH_Mutant,tumor,1.0,0.5947941119482809,0.5947941119482809,3.026633942473719,0.463,0.297,0.16600000000000004,1.0,0.0,0.0,,0.0,4.0,12.0,0.0,6.0,6.0,0.0301326100099938,0.01579069311718281,0.0,1.0,2.0,12.0,12.0,0.0,66,1,0,1,6,72549,446,4249,283,283,0,0.0,1,1,0.5,0.5,1.5,0.0,2,1.0,tumor,myeloid_bridge,"Ghoochani et al., Oncotarget 2016",1,0.5113999489344299,0.12298584833750914,cc_edges_total=66 (+0.80); llm_mentions_per_run=1.5 (+0.45); cc_n_partners=2 (+0.42),literature tier 1 (label),46
298,SLITRK2,cycling_tumor,IDH_Mutant,tumor,1.0,5.80559623923372,5.80559623923372,8.628322959583064,0.206,0.004,0.20199999999999999,1.0,1.0,1.0,2.4674687064605023,1.0,1.0,1.0,0.0,1.0,0.0,0.0011930593981233,0.0011930593981233,0.0,1.0,1.0,0.0,1.0,1.0,1,1,0,1,1,6410,814,270,136,136,0,1.0,1,1,0.0,0.0,0.0,0.0,2,,,,,0,0.4866965630642442,0.0786789574125309,deg_pooled_log2fc=2.47 (+0.41); cc_n_cells_e1=6.41e+03 (+0.18); deg_pct_diff=0.202 (+0.09),novel,47
310,PDGFB,TAM1/TAM2/microglia,IDH_Mutant,TAM_microglia,1.0,0.6381750604527303,0.6381750604527303,16.712892227312814,0.396,0.299,0.09700000000000003,1.0,1.0,1.0,1.5049818546076257,1.0,1.0,3.0,0.0,3.0,0.0,0.0135999473904176,0.009743488234454733,0.0,1.0,3.0,3.0,3.0,1.0,3,1,0,1,1,12086,25922,2106,21701,2106,0,1.0,1,1,0.0,0.0,0.0,0.0,2,,,,,0,0.4736089976993788,0.13765836487408034,deg_pooled_log2fc=1.5 (+0.44); cc_n_partners=3 (+0.33); cc_n_cells_e1=1.21e+04 (+0.17),novel,48
312,ITGB1,OPC_GABA_like_tumor,IDH_WT,tumor,1.0,0.4100098388857025,0.4100098388857025,88.859551487124,0.447,0.175,0.272,1.0,1.0,1.0,,0.0,2.0,0.0,12.0,12.0,0.0,0.0204651750303783,0.00902374051798539,0.0,2.0,7.0,5.0,12.0,1.0,36,0,1,2,3,6741,14114,5040,1935,1935,0,1.0,0,1,1.0,1.0,2.0,0.0,2,,,,,0,0.471092758470523,0.1540790443595007,cc_n_cells_e1=6.74e+03 (+0.22); llm_mention_rate=1 (+0.22); cc_n_partners=7 (+0.15),novel,49
314,PTPRD,cycling_tumor,IDH_Mutant,tumor,1.0,2.676089364051008,2.676089364051008,6.426116947992638,0.199,0.011,0.188,1.0,1.0,1.0,2.9733404170939792,1.0,1.0,0.0,0.0,0.0,0.0,0.0,0.0,,0.0,0.0,0.0,0.0,,1,0,1,1,1,6410,814,270,136,136,0,0.0,1,0,0.0,0.0,0.0,0.0,2,,,,,0,0.4705500805056612,0.09573860171277321,deg_pooled_log2fc=2.97 (+0.37); cc_n_cells_e1=6.41e+03 (+0.17); deg_pct_diff=0.188 (+0.09),novel,50
316,HLA-DPA1,TAM1/TAM2/microglia,IDH_WT,TAM_microglia,0.0,0.0,0.0,0.0,,,0.0,0.0,0.0,0.0,,0.0,5.0,4.0,0.0,2.0,2.0,0.0333971442545754,0.016534185100048025,0.0,1.0,1.0,0.0,4.0,0.0,14,1,0,1,5,12086,25922,9696,2745,2745,0,0.0,0,0,1.0,1.0,2.0,0.0,2,,,,,0,0.466405361086878,0.14450890834516159,cc_edges_total=14 (+0.27); cc_n_cells_e1=1.21e+04 (+0.25); llm_mention_rate=1 (+0.23),novel,51
320,CLDN11,cycling_tumor,IDH_Mutant,tumor,0.0,0.0,0.0,0.0,,,0.0,0.0,0.0,0.0,,0.0,0.0,1.0,1.0,2.0,0.0,0.0009540821944767284,0.0009540821944767284,0.0,1.0,1.0,0.0,2.0,1.0,2,1,1,1,1,6410,814,270,136,136,0,0.0,1,0,0.0,0.0,0.0,0.0,2,,,,,0,0.4647393997940884,0.14099466134309363,deg_n_celltypes_sig=0 (+0.58); cc_n_cells_e1=6.41e+03 (+0.19); cc_edges_e2=2 (+0.12),novel,52
321,TNF,TAM1/TAM2/microglia,IDH_Mutant,TAM_microglia,1.0,1.3132675410875527,1.3132675410875527,80.4831079865942,0.506,0.299,0.20700000000000002,1.0,1.0,1.0,1.9618168414402013,1.0,1.0,3.0,0.0,3.0,0.0,0.0066747111237441,0.005627865693459934,0.0,1.0,1.0,0.0,3.0,1.0,3,1,0,1,1,12086,25922,2106,21701,2106,0,1.0,1,1,0.0,0.0,0.0,0.0,2,,,,,0,0.4645646346820874,0.10579995472241156,deg_pooled_log2fc=1.96 (+0.48); cc_n_cells_e1=1.21e+04 (+0.18); cc_edges_e2=3 (+0.15),novel,53
323,COL9A1,cycling_tumor,IDH_WT,tumor,1.0,4.55887403212976,4.55887403212976,300.0,0.341,0.011,0.33,1.0,0.0,0.0,4.418977772799232,1.0,2.0,5.0,0.0,5.0,0.0,0.0026257015067272,0.00177275463141162,0.0,1.0,3.0,2.0,5.0,1.0,5,1,0,1,1,6410,814,5847,663,663,0,1.0,0,1,0.0,0.0,0.0,0.0,2,,,,,0,0.46265521780089613,0.02928127989835398,deg_pooled_log2fc=4.42 (+0.51); cc_n_partners=3 (+0.42); cc_n_cells_e1=6.41e+03 (+0.18),novel,54
326,GAS6,TAM1/TAM2/microglia,IDH_WT,TAM_microglia,1.0,1.0297449427302867,1.0297449427302867,51.35063053791812,0.254,0.13,0.124,1.0,1.0,1.0,1.354641382858478,1.0,1.0,2.0,0.0,2.0,0.0,0.012077162692356,0.00795189203387295,0.0,1.0,1.0,0.0,2.0,1.0,2,1,0,1,1,12086,25922,9696,2745,2745,0,1.0,0,1,0.0,0.0,0.0,0.0,2,,,,,0,0.46100829585820396,0.06171099352990773,deg_pooled_log2fc=1.35 (+0.18); cc_n_cells_e1=1.21e+04 (+0.18); cc_edges_e2=2 (+0.15),novel,55
336,CD69,cycling_tumor,IDH_Mutant,tumor,0.0,0.0,0.0,0.0,,,0.0,0.0,0.0,0.0,,0.0,1.0,0.0,0.0,0.0,0.0,0.0,0.0,,0.0,0.0,0.0,0.0,,6,1,0,1,2,6410,814,270,136,136,0,0.0,1,0,1.0,1.0,2.0,0.0,2,,,,,0,0.45545323270639504,0.09589656268001537,llm_mention_rate=1 (+0.32); cc_n_cells_e1=6.41e+03 (+0.22); llm_mentions_per_run=2 (+0.10),novel,56
352,KLRC2,OPC_GABA_like_tumor,IDH_Mutant,tumor,1.0,1.8705339182188103,1.8705339182188103,170.01044008276833,0.563,0.195,0.36799999999999994,1.0,0.0,0.0,3.444669840971268,1.0,3.0,0.0,6.0,6.0,0.0,0.0287367317117394,0.018077051350929785,0.0,1.0,4.0,5.0,6.0,1.0,6,0,1,1,1,6741,14114,1658,11741,1658,0,1.0,1,1,0.0,0.0,0.0,0.0,2,,,,,0,0.4471768334519304,0.10102374468641927,deg_pooled_log2fc=3.44 (+0.60); cc_n_partners=4 (+0.29); cc_n_cells_e1=6.74e+03 (+0.18),novel,57
355,JAM3,cycling_tumor,IDH_Mutant,tumor,1.0,2.592247044781339,2.592247044781339,2.8828515932834065,0.132,0.007,0.125,1.0,1.0,1.0,2.3973352035949205,1.0,1.0,1.0,2.0,3.0,0.0,0.001159002926699,0.0009328306067242937,0.0,1.0,1.0,0.0,3.0,1.0,3,1,1,1,1,6410,814,270,136,136,0,1.0,1,1,0.0,0.0,0.0,0.0,2,,,,,0,0.44329679147496714,0.07144308713902714,deg_pooled_log2fc=2.4 (+0.49); cc_n_cells_e1=6.41e+03 (+0.18); cc_edges_e2=3 (+0.13),novel,58
363,HLA-DPB1,AC_like_tumor,IDH_Mutant,tumor,0.0,0.0,0.0,0.0,,,0.0,0.0,0.0,0.0,,0.0,5.0,2.0,0.0,0.0,2.0,0.0056623552726468,0.0030688153298774434,0.0,1.0,1.0,2.0,2.0,-1.0,14,1,0,1,5,72549,446,4249,283,283,0,-0.0,1,0,1.0,1.0,2.0,0.0,2,,,,,0,0.43985113063695136,0.06168641646553073,cc_edges_total=14 (+0.29); cc_n_cells_e1=7.25e+04 (+0.25); llm_mention_rate=1 (+0.24),novel,59
364,SORL1,TAM1/TAM2/microglia,IDH_Mutant,TAM_microglia,1.0,0.4988742202019969,0.4988742202019969,52.23560904181951,0.712,0.585,0.127,1.0,1.0,1.0,0.9799051202538605,1.0,3.0,0.0,14.0,7.0,7.0,0.0511641001611375,0.019258193673017707,0.0,1.0,4.0,14.0,14.0,0.0,14,0,1,1,1,12086,25922,2106,21701,2106,0,0.0,1,1,0.0,0.0,0.0,0.0,2,,,,,0,0.43869482532800824,0.1637240328748679,cc_edges_total=14 (+0.45); cc_n_partners=4 (+0.24); cc_n_cells_e1=1.21e+04 (+0.20),novel,60
369,NLGN3,cycling_tumor,IDH_Mutant,tumor,1.0,4.10352156299052,4.10352156299052,2.3100557200330885,0.132,0.011,0.12100000000000001,1.0,1.0,1.0,1.8474406918200492,1.0,2.0,0.0,6.0,6.0,0.0,0.0082445257936692,0.0026747700108033256,0.0,1.0,4.0,0.0,6.0,1.0,6,0,1,1,1,6410,814,270,136,136,0,1.0,1,1,0.5,0.5,0.5,0.5,2,1.0,tumor,neuron_tumor,"Venkatesh et al., Cell 2015; Venkatesh et al., Nature 2017",1,0.43764939541352027,0.02247313157097111,deg_pooled_log2fc=1.85 (+0.55); llm_ctx_mention_rate=0.5 (+0.26); llm_mention_rate=0.5 (+0.23),literature tier 1 (label),61
370,CLEC2B,OPC_GABA_AC_like_tumor,IDH_WT,tumor,0.0,0.0,0.0,0.0,,,0.0,0.0,0.0,0.0,,0.0,2.0,0.0,0.0,0.0,0.0,0.0,0.0,,0.0,0.0,0.0,0.0,,6,1,0,1,2,6202,1012,5384,171,171,0,0.0,0,0,1.0,1.0,3.5,0.0,2,,,,,0,0.43680369651328704,0.06957890911788667,llm_mention_rate=1 (+0.33); cc_n_cells_e1=6.2e+03 (+0.23); llm_mentions_per_run=3.5 (+0.11),novel,62
373,HBEGF,AC_like_tumor,IDH_Mutant,tumor,0.0,0.0,0.0,0.0,,,0.0,0.0,0.0,0.0,,0.0,0.0,0.0,0.0,0.0,0.0,0.0,0.0,,0.0,0.0,0.0,0.0,,7,1,0,1,1,72549,446,4249,283,283,0,0.0,1,0,0.5,0.5,0.5,0.5,2,,,,,0,0.43601732898648393,0.08910056179705954,deg_n_celltypes_sig=0 (+0.36); llm_mention_rate=0.5 (+0.27); cc_n_cells_e1=7.25e+04 (+0.20),novel,63
374,PCDHGC3,cycling_tumor,IDH_Mutant,tumor,1.0,2.8886950190210867,2.8886950190210867,2.231402592410646,0.11,0.004,0.106,1.0,1.0,1.0,2.766243443713352,1.0,2.0,1.0,1.0,2.0,0.0,0.000909242078728849,0.000909242078728849,0.0,1.0,1.0,0.0,2.0,1.0,2,1,1,1,1,6410,814,270,136,136,0,1.0,1,1,0.0,0.0,0.0,0.0,2,,,,,0,0.43549020624201357,0.0760732497517802,deg_pooled_log2fc=2.77 (+0.42); cc_n_cells_e1=6.41e+03 (+0.19); cc_edges_e2=2 (+0.14),novel,64
385,LRRTM3,cycling_tumor,IDH_Mutant,tumor,1.0,5.510581338267147,5.510581338267147,10.916043997926128,0.25,0.007,0.243,1.0,1.0,1.0,2.6774603953839025,1.0,1.0,0.0,0.0,0.0,0.0,0.0,0.0,,0.0,0.0,0.0,0.0,,6,0,1,1,1,6410,814,270,136,136,0,0.0,1,0,0.0,0.0,0.0,0.0,2,,,,,0,0.4325371872788354,0.03883599151200082,deg_pooled_log2fc=2.68 (+0.47); cc_n_cells_e1=6.41e+03 (+0.18); deg_pct_diff=0.243 (+0.12),novel,65
397,HLA-DRB1,TAM1/TAM2/microglia,IDH_Mutant,TAM_microglia,1.0,-1.1518370213164628,1.1518370213164628,268.9874824299002,0.893,0.962,-0.06899999999999995,-1.0,0.0,0.0,-0.5067458686879718,1.0,4.0,4.0,0.0,2.0,2.0,0.0334073134215138,0.017249044865644925,0.0,1.0,1.0,0.0,4.0,0.0,14,1,0,1,5,12086,25922,2106,21701,2106,0,-0.0,1,1,1.0,1.0,2.0,0.0,2,,,,,0,0.42790582656901827,0.13591904476387096,cc_edges_total=14 (+0.26); cc_n_cells_e1=1.21e+04 (+0.25); llm_mention_rate=1 (+0.20),novel,66
401,JAM2,cycling_tumor,IDH_Mutant,tumor,1.0,0.7960758978451711,0.7960758978451711,7.596818806928833,0.441,0.104,0.337,1.0,1.0,1.0,0.8274191381313104,1.0,2.0,5.0,1.0,6.0,0.0,0.0021428578601446,0.0016103557452642166,0.0,1.0,3.0,1.0,6.0,1.0,6,1,1,1,1,6410,814,270,136,136,0,1.0,1,1,0.0,0.0,0.0,0.0,2,,,,,0,0.42603345792364566,0.057166378627524814,cc_n_partners=3 (+0.39); cc_n_cells_e1=6.41e+03 (+0.18); cc_edges_e2=6 (+0.14),novel,67
406,ITGB8,cycling_tumor,IDH_WT,tumor,0.0,0.0,0.0,0.0,,,0.0,0.0,0.0,0.0,,0.0,0.0,0.0,1.0,1.0,0.0,0.0013090159462151,0.0013090159462151,0.0,1.0,1.0,0.0,1.0,1.0,3,0,1,1,2,6410,814,5847,663,663,0,0.0,0,0,0.0,0.0,0.0,0.0,2,,,,,0,0.42151432530727045,0.15625453422524135,deg_n_celltypes_sig=0 (+0.63); cc_n_cells_e1=6.41e+03 (+0.21); cc_n_cells_e2=814 (+0.05),novel,68
416,MDK,AC_like_tumor,IDH_Mutant,tumor,0.0,0.0,0.0,0.0,,,0.0,0.0,0.0,0.0,,0.0,1.0,0.0,0.0,0.0,0.0,0.0,0.0,,0.0,0.0,0.0,0.0,,28,1,0,1,1,72549,446,4249,283,283,0,0.0,1,0,0.0,0.0,0.0,0.0,2,,,,,0,0.419255211617185,0.08855450481226357,cc_n_cells_e1=7.25e+04 (+0.21); cc_n_celltypes_total=1 (+0.12); cc_edges_total=28 (+0.09),novel,69
443,CD44,OPC_GABA_AC_like_tumor,IDH_Mutant,tumor,0.0,0.0,0.0,0.0,,,0.0,0.0,0.0,0.0,,0.0,1.0,0.0,0.0,0.0,0.0,0.0,0.0,,0.0,0.0,0.0,0.0,,48,0,1,4,1,6202,1012,352,742,352,0,0.0,1,0,1.0,1.0,2.0,0.0,2,1.0,tumor,myeloid_bridge,"Pietras et al., Cell Stem Cell 2014",1,0.40787159660339595,0.05773002642001518,cc_edges_total=48 (+1.15); llm_mention_rate=1 (+0.25); cc_n_cells_e1=6.2e+03 (+0.22),literature tier 1 (label),70
455,C3AR1,TAM1/TAM2/microglia,IDH_WT,TAM_microglia,1.0,0.8191693115065118,0.8191693115065118,93.9981608544624,0.574,0.363,0.21099999999999997,1.0,1.0,1.0,1.4998452390535073,1.0,1.0,0.0,4.0,2.0,2.0,0.0977093082783739,0.05098393546440895,0.0,1.0,1.0,0.0,4.0,0.0,4,0,1,1,1,12086,25922,9696,2745,2745,0,0.0,0,1,0.0,0.0,0.0,0.0,2,,,,,0,0.39739524575017293,0.03679905430653461,deg_pooled_log2fc=1.5 (+0.39); cc_n_cells_e1=1.21e+04 (+0.19); cc_edges_e2=2 (+0.15),novel,71
461,MERTK,TAM1/TAM2/microglia,IDH_WT,TAM_microglia,1.0,0.9037251374118256,0.9037251374118256,54.62848412842265,0.336,0.193,0.14300000000000002,1.0,1.0,1.0,1.885323092163253,1.0,1.0,0.0,1.0,1.0,0.0,0.012077162692356,0.012077162692356,0.0,1.0,1.0,0.0,1.0,1.0,1,0,1,1,1,12086,25922,9696,2745,2745,0,1.0,0,1,0.0,0.0,0.0,0.0,2,,,,,0,0.39198768662732514,0.07058300093726896,deg_pooled_log2fc=1.89 (+0.41); cc_n_cells_e1=1.21e+04 (+0.17); deg_pct_diff=0.143 (+0.09),novel,72
462,CXCR4,TAM1/TAM2/microglia,IDH_Mutant,TAM_microglia,1.0,-0.4659316323543718,0.4659316323543718,44.34663990905859,0.499,0.658,-0.15900000000000003,-1.0,0.0,0.0,,0.0,3.0,0.0,22.0,11.0,11.0,0.0917041673934359,0.03878429271831302,0.0,1.0,6.0,20.0,22.0,0.0,44,0,1,1,2,12086,25922,2106,21701,2106,0,-0.0,1,1,0.0,0.0,0.0,0.0,2,1.0,tumor,growth,"Rubin et al., PNAS 2003",0,0.3911939693858401,0.15491145827933597,cc_edges_total=44 (+1.07); cc_n_cells_e1=1.21e+04 (+0.23); cc_edges_e2=11 (+0.14),"literature gene, other compartment",73
466,ENTPD1,TAM1/TAM2/microglia,IDH_Mutant,TAM_microglia,1.0,1.0096441126957014,1.0096441126957014,41.50421303315566,0.355,0.205,0.15,1.0,1.0,1.0,1.3567662403519276,1.0,1.0,3.0,1.0,4.0,0.0,0.0134956831199029,0.007203532889107,0.0,1.0,2.0,1.0,4.0,1.0,4,1,1,1,1,12086,25922,2106,21701,2106,0,1.0,1,1,0.0,0.0,0.0,0.0,2,1.0,TAM_microglia,myeloid_bridge,"Takenaka et al., Nat Neurosci 2019",1,0.38891300432688036,0.08762792754881997,cc_n_partners=2 (+0.47); deg_pooled_log2fc=1.36 (+0.44); cc_n_cells_e1=1.21e+04 (+0.17),literature tier 1 (label),74
476,CD99,cycling_tumor,IDH_WT,tumor,1.0,-0.4001546013152632,0.4001546013152632,20.568767120890698,0.572,0.267,0.30499999999999994,-1.0,1.0,1.0,-0.6162220488602379,1.0,1.0,10.0,6.0,8.0,8.0,0.0093598934920334,0.004668256872639797,0.01,1.0,3.0,14.0,16.0,0.0,86,1,1,1,4,6410,814,5847,663,663,0,-0.0,0,1,0.0,0.0,0.0,0.0,2,2.0,tumor,immune_synapse,Glioma invasion marker (limited functional data),1,0.383447406102747,0.09618595967129447,cc_edges_total=86 (+1.15); cc_n_partners=3 (+0.29); cc_n_cells_e1=6.41e+03 (+0.21),literature tier 2 (label),75
479,TGFBR2,TAM1/TAM2/microglia,IDH_WT,TAM_microglia,1.0,0.5692720779110882,0.5692720779110882,44.060814643964726,0.389,0.246,0.14300000000000002,1.0,1.0,1.0,0.9688495432510398,1.0,1.0,0.0,4.0,2.0,2.0,0.0050238491740621,0.003124057670555575,0.0,1.0,1.0,0.0,4.0,0.0,4,0,1,1,1,12086,25922,9696,2745,2745,0,0.0,0,1,0.0,0.0,0.0,0.0,2,,,,,0,0.3814197164904697,0.06804555272901079,cc_n_cells_e1=1.21e+04 (+0.18); cc_edges_e2=2 (+0.14); deg_pct_diff=0.143 (+0.11),novel,76
484,ROBO1,cycling_tumor,IDH_Mutant,tumor,1.0,3.2409438371447967,3.2409438371447967,18.521222297210237,0.404,0.022,0.382,1.0,1.0,1.0,2.651080049820704,1.0,3.0,0.0,1.0,1.0,0.0,0.0012599632610479,0.0012599632610479,0.0,1.0,1.0,0.0,1.0,1.0,2,0,1,1,2,6410,814,270,136,136,0,1.0,1,1,0.0,0.0,0.0,0.0,2,,,,,0,0.37821031558798024,0.05913315884978624,deg_pooled_log2fc=2.65 (+0.42); cc_n_cells_e1=6.41e+03 (+0.20); deg_pct_diff=0.382 (+0.10),novel,77
488,SORT1,cycling_tumor,IDH_Mutant,tumor,0.0,0.0,0.0,0.0,,,0.0,0.0,0.0,0.0,,0.0,2.0,0.0,3.0,3.0,0.0,0.005960292884092,0.004312044914191967,0.0,1.0,2.0,2.0,3.0,1.0,3,0,1,1,1,6410,814,270,136,136,0,0.0,1,0,0.0,0.0,0.0,0.0,2,,,,,0,0.3764450743198167,0.02793274551271817,cc_n_partners=2 (+0.52); cc_n_cells_e1=6.41e+03 (+0.18); cc_edges_e2=3 (+0.14),novel,78
493,PTGES3,AC_like_tumor,IDH_Mutant,tumor,0.0,0.0,0.0,0.0,,,0.0,0.0,0.0,0.0,,0.0,0.0,2.0,0.0,1.0,1.0,0.0074110138974112,0.0054116476705227,0.0,1.0,1.0,2.0,2.0,0.0,13,1,0,1,7,72549,446,4249,283,283,0,0.0,1,0,0.0,0.0,0.0,0.0,2,,,,,0,0.37407595521381687,0.05715504022506318,deg_n_celltypes_sig=0 (+0.32); cc_edges_total=13 (+0.32); cc_n_cells_e1=7.25e+04 (+0.23),novel,79
508,PILRA,TAM1/TAM2/microglia,IDH_WT,TAM_microglia,0.0,0.0,0.0,0.0,,,0.0,0.0,0.0,0.0,,0.0,0.0,0.0,7.0,7.0,0.0,0.0082024937284372,0.0036620741932491857,0.0,1.0,4.0,5.0,7.0,1.0,7,0,1,1,1,12086,25922,9696,2745,2745,0,0.0,0,0,0.0,0.0,0.0,0.0,2,,,,,0,0.3694610412232066,0.04222245075124923,deg_n_celltypes_sig=0 (+0.33); cc_n_cells_e1=1.21e+04 (+0.18); cc_n_partners=4 (+0.14),novel,80
512,PDGFA,cycling_tumor,IDH_WT,tumor,1.0,1.0299781770199166,1.0299781770199166,76.43040977958185,0.299,0.065,0.23399999999999999,1.0,0.0,0.0,0.8635192989553302,1.0,2.0,3.0,0.0,3.0,0.0,0.0039862277869608,0.002852574179893333,0.0,1.0,3.0,0.0,3.0,1.0,3,1,0,1,1,6410,814,5847,663,663,0,1.0,0,1,0.0,0.0,0.0,0.0,2,,,,,0,0.3682436458480522,0.05642769103589964,cc_n_partners=3 (+0.40); cc_n_cells_e1=6.41e+03 (+0.18); cc_edges_e2=3 (+0.14),novel,81
525,ITGB2,TAM1/TAM2/microglia,IDH_WT,TAM_microglia,1.0,0.2804559967618028,0.2804559967618028,15.993354138889703,0.598,0.489,0.10899999999999999,1.0,1.0,0.0,,0.0,2.0,0.0,4.0,4.0,0.0,0.0442420541942578,0.0234334586245721,0.0,2.0,3.0,2.0,4.0,1.0,4,0,1,2,1,12086,25922,9696,2745,2745,0,1.0,0,1,0.0,0.0,0.0,0.0,2,,,,,0,0.35677254672605785,0.07126919319056671,cc_n_partners=3 (+0.41); cc_n_cells_e1=1.21e+04 (+0.18); cc_edges_e2=4 (+0.15),novel,82
539,PTGES2,AC_like_tumor,IDH_Mutant,tumor,1.0,1.0875593556585337,1.0875593556585337,2.558557645756527,0.177,0.083,0.09399999999999999,1.0,0.0,0.0,1.007974502288211,1.0,2.0,0.0,0.0,0.0,0.0,0.0,0.0,,0.0,0.0,0.0,0.0,,1,1,0,1,1,72549,446,4249,283,283,0,0.0,1,0,0.0,0.0,0.0,0.0,2,,,,,0,0.3475380189000497,0.03856167625385218,cc_n_cells_e1=7.25e+04 (+0.19); deg_pct_diff=0.094 (+0.10); deg_pct_e1=0.083 (+0.09),novel,83
544,PILRB,cycling_tumor,IDH_WT,tumor,1.0,1.8090647293403197,1.8090647293403197,124.71699438149511,0.278,0.036,0.24200000000000002,1.0,0.0,0.0,1.719810137348749,1.0,2.0,0.0,7.0,7.0,0.0,0.0037171475539804,0.0016564278310690797,0.0,1.0,4.0,4.0,7.0,1.0,7,0,1,1,1,6410,814,5847,663,663,0,1.0,0,1,0.0,0.0,0.0,0.0,2,,,,,0,0.3444552218373998,0.051886104434027414,deg_pooled_log2fc=1.72 (+0.54); cc_n_partners=4 (+0.27); cc_n_cells_e1=6.41e+03 (+0.18),novel,84
551,NRXN2,OPC_GABA_like_tumor,IDH_WT,tumor,0.0,0.0,0.0,0.0,,,0.0,0.0,0.0,0.0,,0.0,1.0,10.0,0.0,10.0,0.0,0.0021343800502624,0.0013051518474101863,0.0,1.0,3.0,0.0,10.0,1.0,10,1,0,1,1,6741,14114,5040,1935,1935,0,0.0,0,0,0.0,0.0,0.0,0.0,2,,,,,0,0.3394348507174589,0.10025267899467605,cc_n_partners=3 (+0.32); cc_n_cells_e1=6.74e+03 (+0.18); cc_edges_e2=10 (+0.13),novel,85
561,PCDHGA10,cycling_tumor,IDH_Mutant,tumor,1.0,3.7778153773002607,3.7778153773002607,6.261467363513313,0.213,0.019,0.194,1.0,1.0,1.0,2.410925101596722,1.0,1.0,0.0,0.0,0.0,0.0,0.0,0.0,,0.0,0.0,0.0,0.0,,2,1,1,1,1,6410,814,270,136,136,0,0.0,1,0,0.0,0.0,0.0,0.0,2,,,,,0,0.33461529395959133,0.05034038572740227,deg_pooled_log2fc=2.41 (+0.37); cc_n_cells_e1=6.41e+03 (+0.18); deg_pct_diff=0.194 (+0.09),novel,86
570,ITGAX,TAM1/TAM2/microglia,IDH_Mutant,TAM_microglia,0.0,0.0,0.0,0.0,,,0.0,0.0,0.0,0.0,,0.0,0.0,0.0,4.0,4.0,0.0,0.0442420541942578,0.0234334586245721,0.0,2.0,3.0,2.0,4.0,1.0,4,0,1,2,1,12086,25922,2106,21701,2106,0,0.0,1,0,0.0,0.0,0.0,0.0,2,,,,,0,0.3329293442260718,0.13183962351659417,deg_n_celltypes_sig=0 (+0.46); cc_n_partners=3 (+0.31); cc_n_cells_e1=1.21e+04 (+0.18),novel,87
583,TNFRSF1A,TAM1/TAM2/microglia,IDH_WT,TAM_microglia,1.0,0.2563705336594064,0.2563705336594064,9.384461729052925,0.265,0.192,0.07300000000000001,1.0,0.0,0.0,0.8009924373378859,1.0,1.0,0.0,1.0,1.0,0.0,0.0056018898340466,0.0056018898340466,0.0,1.0,1.0,0.0,1.0,1.0,1,0,1,1,1,12086,25922,9696,2745,2745,0,1.0,0,1,0.0,0.0,0.0,0.0,2,,,,,0,0.32031222634671297,0.0711792398156863,cc_n_cells_e1=1.21e+04 (+0.18); deg_pct_diff=0.073 (+0.06); cc_max_prob=0.0056 (+0.06),novel,88
594,GPR37L1,OPC_GABA_like_tumor,IDH_WT,tumor,0.0,0.0,0.0,0.0,,,0.0,0.0,0.0,0.0,,0.0,0.0,0.0,9.0,9.0,0.0,0.0103328573239385,0.0037123086690787114,0.0,1.0,5.0,3.0,9.0,1.0,9,0,1,1,1,6741,14114,5040,1935,1935,0,0.0,0,0,0.0,0.0,0.0,0.0,2,,,,,0,0.31578268795096076,0.0957624992930914,deg_n_celltypes_sig=0 (+0.33); cc_n_cells_e1=6.74e+03 (+0.18); cc_n_partners=5 (+0.14),novel,89
614,HLA-DMB,TAM1/TAM2/microglia,IDH_WT,TAM_microglia,0.0,0.0,0.0,0.0,,,0.0,0.0,0.0,0.0,,0.0,1.0,4.0,0.0,2.0,2.0,0.0046828301407175,0.002460909781326619,0.0,1.0,1.0,0.0,4.0,0.0,4,1,0,1,1,12086,25922,9696,2745,2745,0,0.0,0,0,0.0,0.0,0.0,0.0,2,,,,,0,0.30734535209352565,0.07193052182293844,cc_n_cells_e1=1.21e+04 (+0.19); cc_edges_e2=2 (+0.14); cc_max_prob=0.00468 (+0.06),novel,90
627,HAVCR2,TAM1/TAM2/microglia,IDH_WT,TAM_microglia,1.0,0.9651001381198132,0.9651001381198132,108.82802450474641,0.546,0.331,0.21500000000000002,1.0,1.0,1.0,1.1433285772866246,1.0,1.0,0.0,2.0,1.0,1.0,0.0101934918944621,0.00658942667833445,0.0,1.0,1.0,0.0,2.0,0.0,2,0,1,1,1,12086,25922,9696,2745,2745,0,0.0,0,1,0.0,0.0,0.0,0.0,2,1.0,T_cell,immune_synapse,"Kim et al., Clin Cancer Res 2017",0,0.29974028481030157,0.05737472215969245,cc_n_cells_e1=1.21e+04 (+0.18); deg_pct_diff=0.215 (+0.09); cc_max_prob=0.0102 (+0.06),"literature gene, other compartment",91
637,FPR1,TAM1/TAM2/microglia,IDH_WT,TAM_microglia,1.0,0.5470222097655603,0.5470222097655603,46.002602613239794,0.493,0.332,0.16099999999999998,1.0,1.0,1.0,0.6383606487062171,1.0,1.0,0.0,10.0,5.0,5.0,0.0086008858847479,0.00602697727173577,0.0,1.0,4.0,8.0,10.0,0.0,10,0,1,1,1,12086,25922,9696,2745,2745,0,0.0,0,1,0.0,0.0,0.0,0.0,2,,,,,0,0.29377587653394954,0.060725976492272106,cc_n_cells_e1=1.21e+04 (+0.17); cc_n_partners=4 (+0.15); cc_edges_e2=5 (+0.14),novel,92
638,HLA-DMA,TAM1/TAM2/microglia,IDH_WT,TAM_microglia,0.0,0.0,0.0,0.0,,,0.0,0.0,0.0,0.0,,0.0,1.0,4.0,0.0,2.0,2.0,0.017037430185218,0.00849364729375935,0.0,1.0,1.0,0.0,4.0,0.0,8,1,0,1,3,12086,25922,9696,2745,2745,0,0.0,0,0,0.0,0.0,0.0,0.0,2,,,,,0,0.29325089286585787,0.09946619802035798,cc_n_cells_e1=1.21e+04 (+0.22); cc_edges_e2=2 (+0.16); cc_mean_prob=0.00849 (+0.06),novel,93
643,TNFRSF1B,cycling_tumor,IDH_Mutant,tumor,0.0,0.0,0.0,0.0,,,0.0,0.0,0.0,0.0,,0.0,1.0,0.0,0.0,0.0,0.0,0.0,0.0,,0.0,0.0,0.0,0.0,,2,0,1,1,1,6410,814,270,136,136,0,0.0,1,0,0.0,0.0,0.0,0.0,2,,,,,0,0.2915396543127272,0.0673277874495698,cc_n_cells_e1=6.41e+03 (+0.18); cc_n_celltypes_total=1 (+0.08); deg_n_celltypes_sig=1 (+0.05),novel,94
669,P4HB,cycling_tumor,IDH_Mutant,tumor,0.0,0.0,0.0,0.0,,,0.0,0.0,0.0,0.0,,0.0,0.0,0.0,2.0,1.0,1.0,0.006613979542561,0.00406302455001975,0.0,1.0,1.0,2.0,2.0,0.0,5,0,1,1,3,6410,814,270,136,136,0,0.0,1,0,0.0,0.0,0.0,0.0,2,,,,,0,0.28369575282383985,0.0995894634455352,deg_n_celltypes_sig=0 (+0.36); cc_n_cells_e1=6.41e+03 (+0.21); cc_max_prob=0.00661 (+0.06),novel,95
672,TGFBR1,TAM1/TAM2/microglia,IDH_Mutant,TAM_microglia,1.0,1.1879902171924317,1.1879902171924317,57.04143479649057,0.418,0.247,0.17099999999999999,1.0,1.0,1.0,1.00198735485986,1.0,2.0,0.0,4.0,2.0,2.0,0.0050238491740621,0.003124057670555575,0.0,1.0,1.0,0.0,4.0,0.0,4,0,1,1,1,12086,25922,2106,21701,2106,0,0.0,1,1,0.0,0.0,0.0,0.0,2,,,,,0,0.28269198210987695,0.10012111910978834,cc_n_cells_e1=1.21e+04 (+0.19); cc_edges_e2=2 (+0.15); deg_pct_diff=0.171 (+0.12),novel,96
698,LAIR1,OPC_GABA_AC_like_tumor,IDH_WT,tumor,0.0,0.0,0.0,0.0,,,0.0,0.0,0.0,0.0,,0.0,1.0,0.0,0.0,0.0,0.0,0.0,0.0,,0.0,0.0,0.0,0.0,,4,1,0,1,1,6202,1012,5384,171,171,0,0.0,0,0,0.0,0.0,0.0,0.0,2,,,,,0,0.2709238927110649,0.04329010847079761,cc_n_cells_e1=6.2e+03 (+0.19); cc_n_celltypes_total=1 (+0.08); deg_n_celltypes_sig=1 (+0.05),novel,97
725,HLA-DRB5,TAM1/TAM2/microglia,IDH_Mutant,TAM_microglia,1.0,-1.110183303055599,1.110183303055599,231.84779931643314,0.489,0.829,-0.33999999999999997,-1.0,1.0,1.0,-0.7115592963088431,1.0,3.0,4.0,0.0,2.0,2.0,0.0153299905391955,0.005800008038656948,0.0,1.0,1.0,0.0,4.0,0.0,4,1,0,1,1,12086,25922,2106,21701,2106,0,-0.0,1,1,0.0,0.0,0.0,0.0,2,,,,,0,0.2632522716059926,0.04367900249980484,cc_n_cells_e1=1.21e+04 (+0.20); cc_edges_e2=2 (+0.14); deg_neglog10_padj=232 (+0.07),novel,98
753,HLA-E,AC_like_tumor,IDH_Mutant,tumor,0.0,0.0,0.0,0.0,,,0.0,0.0,0.0,0.0,,0.0,4.0,0.0,0.0,0.0,0.0,0.0,0.0,,0.0,0.0,0.0,0.0,,6,1,0,1,4,72549,446,4249,283,283,0,0.0,1,0,0.0,0.0,0.0,0.0,2,,,,,0,0.2554824715872912,0.04623400364211484,cc_n_cells_e1=7.25e+04 (+0.23); deg_n_celltypes_sig=4 (+0.11); cc_n_cells_e2=446 (+0.05),novel,99
771,LILRB4,OPC_GABA_AC_like_tumor,IDH_WT,tumor,0.0,0.0,0.0,0.0,,,0.0,0.0,0.0,0.0,,0.0,1.0,0.0,0.0,0.0,0.0,0.0,0.0,,0.0,0.0,0.0,0.0,,4,0,1,1,1,6202,1012,5384,171,171,0,0.0,0,0,0.0,0.0,0.0,0.0,2,2.0,TAM_microglia,myeloid_bridge,Myeloid checkpoint (pathway-level),0,0.24838051547970016,0.047126080220931475,cc_n_cells_e1=6.2e+03 (+0.19); cc_n_celltypes_total=1 (+0.08); deg_n_celltypes_sig=1 (+0.05),"literature gene, other compartment",100
775,GRN,AC_like_tumor,IDH_WT,tumor,0.0,0.0,0.0,0.0,,,0.0,0.0,0.0,0.0,,0.0,1.0,0.0,0.0,0.0,0.0,0.0,0.0,,0.0,0.0,0.0,0.0,,3,1,0,1,2,72549,446,64812,108,108,0,0.0,0,0,0.0,0.0,0.0,0.0,2,,,,,0,0.24720120577311167,0.05443713628238085,cc_n_cells_e1=7.25e+04 (+0.21); cc_n_cells_e2=446 (+0.05); deg_n_celltypes_sig=1 (+0.04),novel,101
801,ANXA1,AC_like_tumor,IDH_WT,tumor,0.0,0.0,0.0,0.0,,,0.0,0.0,0.0,0.0,,0.0,4.0,2.0,0.0,0.0,2.0,0.0059288892579909,0.0052353810136908,0.0,1.0,1.0,2.0,2.0,-1.0,10,1,0,1,4,72549,446,64812,108,108,0,-0.0,0,0,0.0,0.0,0.0,0.0,2,,,,,0,0.23800451844783904,0.048146257368973835,cc_n_cells_e1=7.25e+04 (+0.23); deg_n_celltypes_sig=4 (+0.10); cc_max_prob=0.00593 (+0.06),novel,102
825,C3,OPC_GABA_AC_like_tumor,IDH_Mutant,tumor,1.0,-3.2271467093959534,3.2271467093959534,6.20874983405437,0.019,0.111,-0.092,-1.0,0.0,0.0,,0.0,2.0,0.0,0.0,0.0,0.0,0.0,0.0,,0.0,0.0,0.0,0.0,,6,1,0,1,1,6202,1012,352,742,352,0,-0.0,1,0,0.0,0.0,0.0,0.0,2,,,,,0,0.2317378109955483,0.023636099187821474,cc_n_cells_e1=6.2e+03 (+0.20); deg_pct_e1=0.111 (+0.10); cc_n_celltypes_total=1 (+0.07),novel,103
833,HLA-DQB1,TAM1/TAM2/microglia,IDH_WT,TAM_microglia,0.0,0.0,0.0,0.0,,,0.0,0.0,0.0,0.0,,0.0,1.0,4.0,0.0,2.0,2.0,0.018298993149735,0.00788969711259746,0.0,1.0,1.0,0.0,4.0,0.0,6,1,0,1,2,12086,25922,9696,2745,2745,0,0.0,0,0,0.0,0.0,0.0,0.0,2,,,,,0,0.2289306261767538,0.059426138696559466,cc_n_cells_e1=1.21e+04 (+0.22); cc_edges_e2=2 (+0.16); cc_mean_prob=0.00789 (+0.06),novel,104
836,HLA-DQA1,TAM1/TAM2/microglia,IDH_WT,TAM_microglia,0.0,0.0,0.0,0.0,,,0.0,0.0,0.0,0.0,,0.0,2.0,4.0,0.0,2.0,2.0,0.0140740943328221,0.00499675499961522,0.0,1.0,1.0,0.0,4.0,0.0,4,1,0,1,1,12086,25922,9696,2745,2745,0,0.0,0,0,0.0,0.0,0.0,0.0,2,,,,,0,0.22840746660321684,0.0317377897101797,cc_n_cells_e1=1.21e+04 (+0.21); cc_edges_e2=2 (+0.15); cc_mean_prob=0.005 (+0.06),novel,105
841,PTPRC,TAM1/TAM2/microglia,IDH_WT,TAM_microglia,1.0,0.5505794805630595,0.5505794805630595,66.96322637680849,0.707,0.524,0.18299999999999994,1.0,0.0,0.0,0.5658096020231276,1.0,3.0,2.0,2.0,2.0,2.0,0.0145823282133185,0.01200059842780445,0.0,2.0,1.0,0.0,4.0,0.0,8,1,1,2,2,12086,25922,9696,2745,2745,0,0.0,0,1,0.0,0.0,0.0,0.0,2,,,,,0,0.22652368290395125,0.0399530438419542,cc_n_cells_e1=1.21e+04 (+0.22); cc_edges_e2=2 (+0.16); deg_pct_diff=0.183 (+0.13),novel,106
865,LRP1,AC_like_tumor,IDH_Mutant,tumor,0.0,0.0,0.0,0.0,,,0.0,0.0,0.0,0.0,,0.0,1.0,0.0,2.0,1.0,1.0,0.0013213158667165,0.00126051260428745,0.0,1.0,1.0,0.0,2.0,0.0,7,0,1,1,4,72549,446,4249,283,283,0,0.0,1,0,0.0,0.0,0.0,0.0,2,,,,,0,0.22274659612081166,0.019780861397487692,cc_n_cells_e1=7.25e+04 (+0.21); cc_n_cells_e2=446 (+0.05); deg_n_celltypes_sig=1 (+0.03),novel,107
936,PSAP,AC_like_tumor,IDH_WT,tumor,0.0,0.0,0.0,0.0,,,0.0,0.0,0.0,0.0,,0.0,0.0,2.0,0.0,1.0,1.0,0.0021302161985696,0.0018567956874288999,0.0,1.0,1.0,0.0,2.0,0.0,9,1,0,1,5,72549,446,64812,108,108,0,0.0,0,0,0.0,0.0,0.0,0.0,2,,,,,0,0.20600285987553332,0.08002856678267753,deg_n_celltypes_sig=0 (+0.41); cc_n_cells_e1=7.25e+04 (+0.22); cc_n_cells_e2=446 (+0.03),novel,108
937,TGFB1,TAM1/TAM2/microglia,IDH_WT,TAM_microglia,0.0,0.0,0.0,0.0,,,0.0,0.0,0.0,0.0,,0.0,0.0,4.0,0.0,2.0,2.0,0.0050238491740621,0.003124057670555575,0.0,1.0,1.0,0.0,4.0,0.0,4,1,0,1,1,12086,25922,9696,2745,2745,0,0.0,0,0,0.0,0.0,0.0,0.0,2,2.0,"tumor,TAM_microglia",immune_synapse,Immunosuppressive cytokine (pathway-level),1,0.20559237603455366,0.03568967678379049,deg_n_celltypes_sig=0 (+0.63); cc_n_cells_e1=1.21e+04 (+0.20); cc_edges_e2=2 (+0.14),literature tier 2 (label),109
986,SDC3,AC_like_tumor,IDH_Mutant,tumor,0.0,0.0,0.0,0.0,,,0.0,0.0,0.0,0.0,,0.0,1.0,0.0,0.0,0.0,0.0,0.0,0.0,,0.0,0.0,0.0,0.0,,11,0,1,1,1,72549,446,4249,283,283,0,0.0,1,0,0.0,0.0,0.0,0.0,2,,,,,0,0.19654736188038893,0.04631171309143489,cc_n_cells_e1=7.25e+04 (+0.19); cc_n_celltypes_total=1 (+0.08); deg_n_celltypes_sig=1 (+0.06),novel,110
1015,CLEC2D,AC_like_tumor,IDH_Mutant,tumor,0.0,0.0,0.0,0.0,,,0.0,0.0,0.0,0.0,,0.0,1.0,0.0,0.0,0.0,0.0,0.0,0.0,,0.0,0.0,0.0,0.0,,2,1,0,1,1,72549,446,4249,283,283,0,0.0,1,0,0.5,0.5,1.5,0.0,2,1.0,"tumor,TAM_microglia",immune_synapse,"Mathewson et al., Cell 2021",1,0.19055409719091163,0.052572284941096115,llm_mentions_per_run=1.5 (+0.50); llm_mention_rate=0.5 (+0.35); cc_n_cells_e1=7.25e+04 (+0.19),literature tier 1 (label),111
1043,TMIGD3,AC_like_tumor,IDH_Mutant,tumor,0.0,0.0,0.0,0.0,,,0.0,0.0,0.0,0.0,,0.0,2.0,0.0,0.0,0.0,0.0,0.0,0.0,,0.0,0.0,0.0,0.0,,3,0,1,1,2,72549,446,4249,283,283,0,0.0,1,0,0.0,0.0,0.0,0.0,2,,,,,0,0.18319575757109188,0.026684534786784283,cc_n_cells_e1=7.25e+04 (+0.22); cc_n_cells_e2=446 (+0.05); cc_n_celltypes_total=2 (+0.03),novel,112
1062,AXL,OPC_GABA_AC_like_tumor,IDH_WT,tumor,0.0,0.0,0.0,0.0,,,0.0,0.0,0.0,0.0,,0.0,0.0,0.0,0.0,0.0,0.0,0.0,0.0,,0.0,0.0,0.0,0.0,,1,0,1,1,1,6202,1012,5384,171,171,0,0.0,0,0,0.0,0.0,0.0,0.0,2,2.0,"TAM_microglia,tumor",myeloid_bridge,TAM receptor family (pathway-level),1,0.17849085615839433,0.03566747262979657,deg_n_celltypes_sig=0 (+0.69); cc_n_cells_e1=6.2e+03 (+0.18); cc_edges_total=1 (+0.11),literature tier 2 (label),113
1072,LGALS9,cycling_tumor,IDH_Mutant,tumor,1.0,-6.546732154157838,6.546732154157838,1.9312502498049535,0.007,0.181,-0.174,-1.0,0.0,0.0,,0.0,1.0,0.0,0.0,0.0,0.0,0.0,0.0,,0.0,0.0,0.0,0.0,,13,1,0,1,1,6410,814,270,136,136,0,-0.0,1,0,0.0,0.0,0.0,0.0,2,2.0,"tumor,TAM_microglia",immune_synapse,HAVCR2 ligand (pathway-level),1,0.17684011336665817,0.02954199220917504,cc_edges_total=13 (+0.54); cc_n_cells_e1=6.41e+03 (+0.21); cc_n_celltypes_total=1 (+0.12),literature tier 2 (label),114
