feature,mean_split_importance
other_idh_abs_log2fc,201.76
avg_log2FC,122.32
n_ephys2,114.12
max_prob,108.6
ephys_prob_delta,103.48
partner_gene_count,101.4
n_ephys1,92.64
pct_1,80.28
sum_prob,77.32
neg_log10_padj,72.84
mean_prob,71.24
abs_log2FC,71.04
ephys2_mean_prob,67.88
pct_delta,67.36
same_ephys_edge_count,66.44
ephys2_edge_count,62.12
is_ligand,60.68
source_celltype_count,59.72
pct_2,56.32
ephys1_mean_prob,54.44
edge_count,52.44
sender_edge_count,42.28
ephys_edge_delta,41.96
sender_mean_prob,41.16
receiver_mean_prob,38.84
cross_ephys_edge_count,37.8
self_edge_count,33.96
min_group_size,22.76
receiver_edge_count,18.12
is_receptor,17.92
target_celltype_count,15.56
pct_ephys2,8.8
idh_direction_agreement,8.32
ephys1_edge_count,4.24
ephys1_high,1.44
deg_present,1.04
ephys2_high,1.04
pathway_count,0.32
low_count_flag,0.0
