symbol	n_annotations	n_human_annotations	n_experimental	n_taxa	evidence_codes
SCIMP	126	4	1	84	IEA:113;IBA:9;ISO:2;ISS:1;IDA:1
STX11	74	3	3	70	IEA:68;IDA:3;ISO:2;ISS:1
LAT	197	3	2	94	IEA:182;IBA:10;ISO:3;IDA:2
PTPRJ	139	3	2	84	IEA:134;ISO:3;IDA:2
DLG1	78	3	2	72	IEA:72;ISO:3;IDA:2;TAS:1
LGALS3	468	2	2	400	IEA:447;IBA:16;ISO:3;IDA:2
MYH9	76	2	2	71	IEA:71;ISO:3;IDA:2
EZR	75	2	2	70	IEA:70;ISO:3;IDA:2
CORO1A	71	2	2	65	IEA:66;ISO:3;IDA:2
CD81	64	2	2	60	IEA:54;ISS:6;ISO:2;IDA:2
HLA-DRA	32	2	2	31	IEA:30;IDA:2
HLA-DRB1	3	2	2	2	IDA:2;IEA:1
ATP2B1	76	2	1	71	IEA:70;ISS:4;IDA:1;ISO:1
NPTN	66	2	1	63	IEA:62;ISS:2;IDA:1;ISO:1
CRTAM	63	2	1	61	IEA:60;ISO:1;ISS:1;IDA:1
PRF1	56	2	1	54	IEA:53;IDA:1;ISS:1;ISO:1
SCRIB	49	2	1	48	IEA:46;ISO:1;ISS:1;IDA:1
PRKCQ	95	1	7	89	IEA:87;IDA:7;ISO:1
CD3E	47	1	2	46	IEA:44;IDA:2;ISO:1
ICAM1	35	1	2	34	IEA:32;IDA:2;ISO:1
ALCAM	82	1	1	73	IEA:73;ISS:6;ISO:2;IDA:1
PRKAR1A	80	1	1	78	IEA:77;ISO:2;IDA:1
STOML2	78	1	1	73	IEA:72;ISS:3;ISO:2;IDA:1
RHOH	76	1	1	74	IEA:74;ISO:1;IDA:1
SNX27	75	1	1	71	IEA:69;ISS:3;ISO:2;IDA:1
STX7	74	1	1	72	IEA:71;ISO:2;IDA:1
ARHGDIA	72	1	1	71	IEA:69;ISS:1;ISO:1;IDA:1
SNAP23	71	1	1	68	IEA:68;ISO:2;IDA:1
CACFD1	68	1	1	67	IEA:66;ISO:1;IDA:1
LCK	67	1	1	66	IEA:64;ISO:2;IDA:1
VAV3	66	1	1	63	IEA:62;ISO:3;IDA:1
SOCS6	64	1	1	63	IEA:61;ISO:2;IDA:1
CD53	62	1	1	59	IEA:59;ISO:2;IDA:1
SKAP1	60	1	1	58	IEA:57;ISO:2;IDA:1
CARD11	58	1	1	57	IEA:56;ISO:1;IDA:1
STXBP2	55	1	1	51	IEA:52;ISO:2;IDA:1
CD28	55	1	1	55	IEA:53;IDA:1;ISO:1
CD6	54	1	1	51	IEA:50;ISO:2;IDA:1;ISS:1
VAMP8	52	1	1	50	IEA:49;ISO:2;IDA:1
BCL10	52	1	1	51	IEA:50;ISO:1;IDA:1
CD37	50	1	1	48	IEA:47;ISO:2;IDA:1
CALHM6	49	1	1	48	IEA:47;ISO:1;IDA:1
IL4I1	49	1	1	47	IEA:44;ISO:2;ISS:2;IDA:1
ITGAL	47	1	1	46	IEA:45;ISO:1;IDA:1
FYB2	42	1	1	39	IEA:38;ISO:2;ISS:1;IDA:1
DUSP3	36	1	1	36	IEA:33;ISO:2;IDA:1
HAVCR2	29	1	1	29	IEA:27;ISO:1;IDA:1
ZAP70	28	1	1	27	IEA:26;ISO:1;IDA:1
PDCD6IP	20	1	1	20	IEA:17;ISO:2;IDA:1
NEDD9	3	1	1	3	ISO:1;IDA:1;ISS:1
GZMB	1	1	0	1	TAS:1
GZMA	1	1	0	1	TAS:1
ARHH	1	1	0	1	IEA:1
HEL-S-47E	1	1	0	1	IEA:1
PRKCDA	12	0	1	12	IEA:11;IDA:1
CARMIL2	2	0	1	2	ISO:1;IDA:1
TRBV26	1	0	1	1	IDA:1
LGALS3A	47	0	0	35	IEA:46;IBA:1
LGALS3B	40	0	0	30	IEA:39;IBA:1
LOC103373760	5	0	0	1	IEA:5
LOC115174489	5	0	0	1	IEA:5
LOC112256859	5	0	0	1	IEA:5
LOC106571560	4	0	0	1	IEA:4
LOC107553209	4	0	0	1	IEA:4
LOC114515250	4	0	0	1	IEA:4
LOC114849428	4	0	0	1	IEA:4
LOC101675431	4	0	0	1	IEA:4
LOC108709674	3	0	0	1	IEA:3
FAM26F	3	0	0	3	IEA:3
LOC111162219	3	0	0	1	IEA:3
LOC100697584	3	0	0	1	IEA:3
LOC115573730	3	0	0	1	IEA:3
LOC114428675	3	0	0	1	IEA:3
LOC109900313	3	0	0	1	IEA:3
CRACR2A	3	0	0	2	ISO:2;ISS:1
LGALS3.L	3	0	0	1	IEA:2;IBA:1
LGALS3.S	3	0	0	1	IEA:2;IBA:1
LOC102199511	3	0	0	1	IEA:3
TLK2	3	0	0	1	IEA:3
XB954544.L	2	0	0	1	IBA:1;IEA:1
LEG3	2	0	0	1	IEA:2
LOC106571561	2	0	0	1	IEA:2
LOC106608077	2	0	0	1	IEA:2
LOC108258090	2	0	0	1	IEA:2
LOC106533844	2	0	0	1	IEA:2
LOC103660333	2	0	0	1	IEA:2
H2-EA	2	0	0	1	IEA:1;ISO:1
LOC113591489	2	0	0	1	IEA:2
PRKCD	2	0	0	2	IEA:2
LOC107683071	2	0	0	1	IEA:2
LOC115597236	2	0	0	1	IEA:2
LOC115406972	2	0	0	1	IEA:2
LOC115414968	2	0	0	1	IEA:2
LOC107736502	2	0	0	1	IEA:2
LOC104961687	2	0	0	1	IEA:2
LOC113913981	2	0	0	1	IEA:2
LOC115477343	2	0	0	1	IEA:2
LOC117563204	2	0	0	1	IEA:2
LOC109078072	2	0	0	1	IEA:2
LOC109075184	2	0	0	1	IEA:2
LOC114457871	2	0	0	1	IEA:2
LOC101880601	2	0	0	1	IEA:2
LOC109904258	2	0	0	1	IEA:2
LOC108699171	2	0	0	1	IBA:1;IEA:1
LOC114803355	2	0	0	1	IEA:2
RT1-DA	2	0	0	1	ISO:1;IEA:1
SPNS1	2	0	0	1	IBA:1;IEA:1
LOC113834559	1	0	0	1	IEA:1
PHCI-DAA	1	0	0	1	IEA:1
MAMU-DRA	1	0	0	1	IEA:1
LOC103117368	1	0	0	1	IEA:1
LOC105999872	1	0	0	1	IEA:1
LOC101836182	1	0	0	1	IEA:1
LOC103272282	1	0	0	1	IEA:1
LOC102973944	1	0	0	1	IEA:1
LOC110584528	1	0	0	1	IEA:1
LOC111149742	1	0	0	1	IEA:1
LOC111159379	1	0	0	1	IEA:1
LOC111161490	1	0	0	1	IEA:1
LOC111161234	1	0	0	1	IEA:1
LOC111164895	1	0	0	1	IEA:1
LOC103665522	1	0	0	1	IEA:1
LOC101159552	1	0	0	1	IBA:1
LOC101079160	1	0	0	1	IEA:1
LOC100767639	1	0	0	1	IEA:1
LOC102189356	1	0	0	1	IEA:1
LOC113579348	1	0	0	1	IEA:1
ATG14	1	0	0	1	IEA:1
CORONIN-1A	1	0	0	1	IEA:1
PERFORIN-1	1	0	0	1	IEA:1
LOC115355932	1	0	0	1	IEA:1
LOC116332291	1	0	0	1	IEA:1
LOC114596155	1	0	0	1	IEA:1
LOC107689310	1	0	0	1	IEA:1
LOC107693175	1	0	0	1	IEA:1
LOC107659822	1	0	0	1	IEA:1
LOC107654953	1	0	0	1	IEA:1
LOC115597270	1	0	0	1	IEA:1
LOC115401556	1	0	0	1	IEA:1
LOC115406971	1	0	0	1	IEA:1
LOC115406970	1	0	0	1	IEA:1
LOC115406855	1	0	0	1	IEA:1
LOC107602963	1	0	0	1	IEA:1
LOC107564327	1	0	0	1	IEA:1
LOC107725698	1	0	0	1	IEA:1
LOC107712204	1	0	0	1	IEA:1
LOC107729302	1	0	0	1	IEA:1
LOC115198066	1	0	0	1	IEA:1
LOC115172481	1	0	0	1	IEA:1
LOC115162068	1	0	0	1	IEA:1
LOC102923421	1	0	0	1	IEA:1
LOC102914628	1	0	0	1	IEA:1
LOC104956636	1	0	0	1	IEA:1
LOC106555339	1	0	0	1	IEA:1
LOC113938967	1	0	0	1	IEA:1
LOC115003926	1	0	0	1	IEA:1
LOC115810220	1	0	0	1	IEA:1
LOC101585489	1	0	0	1	IEA:1
LOC101565149	1	0	0	1	IEA:1
LOC104992405	1	0	0	1	IEA:1
LOC105305274	1	0	0	1	IEA:1
LOC110209487	1	0	0	1	IEA:1
LOC110297598	1	0	0	1	IEA:1
LOC113049779	1	0	0	1	IEA:1
LOC113060683	1	0	0	1	IEA:1
LOC113060759	1	0	0	1	IEA:1
LOC113068591	1	0	0	1	IEA:1
LOC113082013	1	0	0	1	IEA:1
LOC113096442	1	0	0	1	IEA:1
LOC113112480	1	0	0	1	IEA:1
LOC113117656	1	0	0	1	IEA:1
LOC114427897	1	0	0	1	IEA:1
LOC114870012	1	0	0	1	IEA:1
LOC115474154	1	0	0	1	IEA:1
LOC115477622	1	0	0	1	IEA:1
LOC115477900	1	0	0	1	IEA:1
LOC117364304	1	0	0	1	IEA:1
LOC117554286	1	0	0	1	IEA:1
LOC116406955	1	0	0	1	IBA:1
LOC118903824	1	0	0	1	IEA:1
LOC112671249	1	0	0	1	IEA:1
LOC112641371	1	0	0	1	IEA:1
LOC112642007	1	0	0	1	IEA:1
LOC112670773	1	0	0	1	IEA:1
LOC100767740	1	0	0	1	IEA:1
LOC127368606	1	0	0	1	IEA:1
LOC101605380	1	0	0	1	IEA:1
LOC105883661	1	0	0	1	IEA:1
LOC107378107	1	0	0	1	IEA:1
LOC103745151	1	0	0	1	IEA:1
LOC103738088	1	0	0	1	IEA:1
LOC122916891	1	0	0	1	IEA:1
LOC116356143	1	0	0	1	IEA:1
LOC110522451	1	0	0	1	IEA:1
LOC118936680	1	0	0	1	IEA:1
LOC112217823	1	0	0	1	IEA:1
LOC112250568	1	0	0	1	IEA:1
LOC112250567	1	0	0	1	IEA:1
LOC122215969	1	0	0	1	IEA:1
LOC108920878	1	0	0	1	IEA:1
LOC116057947	1	0	0	1	IEA:1
LOC100496148	1	0	0	1	IBA:1
LOC122129984	1	0	0	1	IEA:1
LOC105910657	1	0	0	1	IEA:1
LOC120023932	1	0	0	1	IEA:1
LOC120023453	1	0	0	1	IEA:1
LOC120023933	1	0	0	1	IEA:1
LOC123390977	1	0	0	1	IEA:1
CDKN3	1	0	0	1	IEA:1
LOC103051237	1	0	0	1	IEA:1
LOC109273394	1	0	0	1	IEA:1
LOC105978230	1	0	0	1	IEA:1
LOC101654155	1	0	0	1	IEA:1
LOC101406448	1	0	0	1	IEA:1
LOC101391082	1	0	0	1	IEA:1
LOC101397874	1	0	0	1	IEA:1
LOC123743335	1	0	0	1	IEA:1
LOC106489888	1	0	0	1	IEA:1
LOC103194234	1	0	0	1	IEA:1
LOC123521401	1	0	0	1	IEA:1
LGALS3.3	1	0	0	1	IEA:1
LGALS3.2	1	0	0	1	IEA:1
MAFA-DRA	1	0	0	1	IEA:1
OVAR-DRA	1	0	0	1	IEA:1
BOLA-DRA	1	0	0	1	IEA:1
LOC100390922	1	0	0	1	IEA:1
H2-EB2	1	0	0	1	ISO:1
LOC100601771	1	0	0	1	IEA:1
LOC100774768	1	0	0	1	IEA:1
LOC101149676	1	0	0	1	IEA:1
LOC101128237	1	0	0	1	IEA:1
LOC100944134	1	0	0	1	IEA:1
PATR-DRA	1	0	0	1	IEA:1
PATR-DQB1	1	0	0	1	IEA:1
LOC102351798	1	0	0	1	IEA:1
LOC101682004	1	0	0	1	IEA:1
H2-EB1	1	0	0	1	ISO:1
RT1-DB1	1	0	0	1	ISO:1
MGC139698	1	0	0	1	IEA:1
DKFZP459E096	1	0	0	1	IEA:1
SLA-DRA1	1	0	0	1	IEA:1
MANE-DRA	1	0	0	1	IEA:1
C7C5T7	1	0	0	1	IEA:1
LGALS9C	1	0	0	1	IEA:1
