symbol	n_annotations	n_cc	n_bp	n_papers	go_terms
STXBP5	16	7	9	9	GO:0008021;GO:0010807;GO:0098674;GO:0098793;GO:0098888;GO:0099148;GO:0099161;GO:0099504;GO:0099523;GO:2000300
RPL8	14	10	4	5	GO:0014069;GO:0045202;GO:0098794;GO:0140236;GO:0140242;SYNGO:postsyn_ribosome;SYNGO:presyn_ribosome
NRXN1	13	3	10	10	GO:0007416;GO:0098693;GO:0099054;GO:0099056;GO:0099059;GO:0099150;GO:0099151;GO:0099550;GO:0099560;GO:0150036;GO:1905606
RPLP0	13	9	4	5	GO:0014069;GO:0045202;GO:0098794;GO:0140236;GO:0140242;SYNGO:postsyn_ribosome;SYNGO:presyn_ribosome
CHRNA7	12	10	2	6	GO:0099055;GO:0099056;GO:0099060;GO:0099061;GO:0099065;GO:0099171;GO:1904315
PTPRS	12	2	10	6	GO:0050804;GO:0050808;GO:0099054;GO:0099056;GO:0099151;GO:0099537;GO:0099560
RPS13	12	8	4	3	GO:0014069;GO:0045202;GO:0140236;GO:0140242;SYNGO:postsyn_ribosome;SYNGO:presyn_ribosome
RPS27	12	8	4	4	GO:0014069;GO:0045202;GO:0098793;GO:0140236;GO:0140242;SYNGO:postsyn_ribosome;SYNGO:presyn_ribosome
PPFIA2	11	7	4	6	GO:0008021;GO:0014069;GO:0042734;GO:0045202;GO:0098919;GO:0099054;GO:0099181;GO:0099523;GO:0099572;GO:2000300
PTPRD	11	2	9	8	GO:0050804;GO:0099054;GO:0099056;GO:0099151;GO:0099537;GO:0099545;GO:0099560
RIMS1	11	4	7	8	GO:0016081;GO:0016082;GO:0098831;GO:0098882;GO:0098891;GO:0099525;GO:0150037
RPL38	11	7	4	4	GO:0014069;GO:0045202;GO:0140236;GO:0140242;SYNGO:postsyn_ribosome;SYNGO:presyn_ribosome
RPL5	11	7	4	4	GO:0014069;GO:0045202;GO:0140236;GO:0140242;SYNGO:postsyn_ribosome;SYNGO:presyn_ribosome
HSPA8	10	6	4	7	GO:0014069;GO:0016191;GO:0098793;GO:0098794;GO:0098880;GO:0099175;GO:0099634;SYNGO:presyn_chaperoneProteinFolding
KCTD12	10	7	3	2	GO:0042734;GO:0045211;GO:0048787;GO:0099579;GO:0150047
NRXN3	10	1	9	4	GO:0097107;GO:0099059;GO:0099072;GO:0099171;GO:0099537;GO:0099550;GO:0099645
RPL10A	10	6	4	3	GO:0014069;GO:0045202;GO:0140236;GO:0140242;SYNGO:postsyn_ribosome;SYNGO:presyn_ribosome
RPL12	10	6	4	3	GO:0014069;GO:0045202;GO:0140236;GO:0140242;SYNGO:postsyn_ribosome;SYNGO:presyn_ribosome
RPL14	10	6	4	3	GO:0014069;GO:0045202;GO:0140236;GO:0140242;SYNGO:postsyn_ribosome;SYNGO:presyn_ribosome
RPL17	10	6	4	3	GO:0045202;GO:0140236;GO:0140242;SYNGO:postsyn_ribosome;SYNGO:presyn_ribosome
RPL23	10	6	4	3	GO:0014069;GO:0045202;GO:0140236;GO:0140242;SYNGO:postsyn_ribosome;SYNGO:presyn_ribosome
RPL24	10	6	4	3	GO:0045202;GO:0140236;GO:0140242;SYNGO:postsyn_ribosome;SYNGO:presyn_ribosome
RPL6	10	6	4	3	GO:0014069;GO:0045202;GO:0140236;GO:0140242;SYNGO:postsyn_ribosome;SYNGO:presyn_ribosome
RPL7	10	6	4	3	GO:0014069;GO:0045202;GO:0140236;GO:0140242;SYNGO:postsyn_ribosome;SYNGO:presyn_ribosome
RPS14	10	6	4	3	GO:0014069;GO:0045202;GO:0140236;GO:0140242;SYNGO:postsyn_ribosome;SYNGO:presyn_ribosome
VPS35	10	5	5	5	GO:0050804;GO:0090128;GO:0098793;GO:0098794;GO:0098833;GO:0098887;GO:0150052;GO:1900242
GABBR1	9	7	2	5	GO:0099055;GO:0099056;GO:0099059;GO:0099060;GO:0099579;GO:0150047
GRIA2	9	6	3	7	GO:0099055;GO:0099056;GO:0099059;GO:0099061;GO:0099507;GO:1904315
RPL10	9	5	4	2	GO:0045202;GO:0140236;GO:0140242;SYNGO:postsyn_ribosome;SYNGO:presyn_ribosome
RPL11	9	5	4	2	GO:0045202;GO:0140236;GO:0140242;SYNGO:postsyn_ribosome;SYNGO:presyn_ribosome
RPL13	9	5	4	2	GO:0045202;GO:0140236;GO:0140242;SYNGO:postsyn_ribosome;SYNGO:presyn_ribosome
RPL13A	9	5	4	2	GO:0045202;GO:0140236;GO:0140242;SYNGO:postsyn_ribosome;SYNGO:presyn_ribosome
RPL15	9	5	4	2	GO:0045202;GO:0140236;GO:0140242;SYNGO:postsyn_ribosome;SYNGO:presyn_ribosome
RPL18	9	5	4	2	GO:0045202;GO:0140236;GO:0140242;SYNGO:postsyn_ribosome;SYNGO:presyn_ribosome
RPL22	9	5	4	3	GO:0045202;GO:0140236;GO:0140242;SYNGO:postsyn_ribosome;SYNGO:presyn_ribosome
RPL23A	9	5	4	2	GO:0045202;GO:0140236;GO:0140242;SYNGO:postsyn_ribosome;SYNGO:presyn_ribosome
RPL26	9	5	4	2	GO:0045202;GO:0140236;GO:0140242;SYNGO:postsyn_ribosome;SYNGO:presyn_ribosome
RPL27	9	5	4	2	GO:0045202;GO:0140236;GO:0140242;SYNGO:postsyn_ribosome;SYNGO:presyn_ribosome
RPL27A	9	5	4	2	GO:0045202;GO:0140236;GO:0140242;SYNGO:postsyn_ribosome;SYNGO:presyn_ribosome
RPL28	9	5	4	2	GO:0045202;GO:0140236;GO:0140242;SYNGO:postsyn_ribosome;SYNGO:presyn_ribosome
RPL29	9	5	4	2	GO:0045202;GO:0140236;GO:0140242;SYNGO:postsyn_ribosome;SYNGO:presyn_ribosome
RPL32	9	5	4	2	GO:0045202;GO:0140236;GO:0140242;SYNGO:postsyn_ribosome;SYNGO:presyn_ribosome
RPL34	9	5	4	3	GO:0045202;GO:0140236;GO:0140242;SYNGO:postsyn_ribosome;SYNGO:presyn_ribosome
RPL35	9	5	4	2	GO:0045202;GO:0140236;GO:0140242;SYNGO:postsyn_ribosome;SYNGO:presyn_ribosome
RPL35A	9	5	4	2	GO:0045202;GO:0140236;GO:0140242;SYNGO:postsyn_ribosome;SYNGO:presyn_ribosome
RPL36	9	5	4	2	GO:0045202;GO:0140236;GO:0140242;SYNGO:postsyn_ribosome;SYNGO:presyn_ribosome
RPL36A	9	5	4	2	GO:0045202;GO:0140236;GO:0140242;SYNGO:postsyn_ribosome;SYNGO:presyn_ribosome
RPL37	9	5	4	2	GO:0045202;GO:0140236;GO:0140242;SYNGO:postsyn_ribosome;SYNGO:presyn_ribosome
RPL37A	9	5	4	2	GO:0045202;GO:0140236;GO:0140242;SYNGO:postsyn_ribosome;SYNGO:presyn_ribosome
RPL4	9	5	4	3	GO:0014069;GO:0140236;GO:0140242;SYNGO:postsyn_ribosome;SYNGO:presyn_ribosome
RPL7A	9	5	4	2	GO:0045202;GO:0140236;GO:0140242;SYNGO:postsyn_ribosome;SYNGO:presyn_ribosome
RPL9	9	5	4	2	GO:0045202;GO:0140236;GO:0140242;SYNGO:postsyn_ribosome;SYNGO:presyn_ribosome
RPLP2	9	5	4	2	GO:0045202;GO:0140236;GO:0140242;SYNGO:postsyn_ribosome;SYNGO:presyn_ribosome
RPS10	9	5	4	2	GO:0045202;GO:0140236;GO:0140242;SYNGO:postsyn_ribosome;SYNGO:presyn_ribosome
RPS11	9	5	4	2	GO:0045202;GO:0140236;GO:0140242;SYNGO:postsyn_ribosome;SYNGO:presyn_ribosome
RPS12	9	5	4	2	GO:0045202;GO:0140236;GO:0140242;SYNGO:postsyn_ribosome;SYNGO:presyn_ribosome
RPS15A	9	5	4	2	GO:0045202;GO:0140236;GO:0140242;SYNGO:postsyn_ribosome;SYNGO:presyn_ribosome
RPS16	9	5	4	2	GO:0045202;GO:0140236;GO:0140242;SYNGO:postsyn_ribosome;SYNGO:presyn_ribosome
RPS24	9	5	4	2	GO:0045202;GO:0140236;GO:0140242;SYNGO:postsyn_ribosome;SYNGO:presyn_ribosome
RPS26	9	5	4	2	GO:0045202;GO:0140236;GO:0140242;SYNGO:postsyn_ribosome;SYNGO:presyn_ribosome
RPS27A	9	5	4	2	GO:0045202;GO:0140236;GO:0140242;SYNGO:postsyn_ribosome;SYNGO:presyn_ribosome
RPS28	9	5	4	2	GO:0045202;GO:0140236;GO:0140242;SYNGO:postsyn_ribosome;SYNGO:presyn_ribosome
RPS5	9	5	4	2	GO:0045202;GO:0140236;GO:0140242;SYNGO:postsyn_ribosome;SYNGO:presyn_ribosome
UBA52	9	5	4	2	GO:0045202;GO:0140236;GO:0140242;SYNGO:postsyn_ribosome;SYNGO:presyn_ribosome
BAIAP2	8	4	4	3	GO:0014069;GO:0050804;GO:0099092;GO:0099175;GO:0099523;GO:0099524;GO:1905274
CHRNB2	8	4	4	7	GO:0099056;GO:0099060;GO:0099171;GO:1904315
DRD2	8	4	4	5	GO:0051580;GO:0099055;GO:0099056;GO:0099170;GO:0099171
GABRA2	8	6	2	6	GO:0099059;GO:0099060;GO:0099507;GO:1904315
GRIA1	8	5	3	6	GO:0099055;GO:0099056;GO:0099059;GO:0099061;GO:0099507;GO:1904315
GRIK5	8	5	3	6	GO:0099055;GO:0099056;GO:0099061;GO:0099507;GO:1904315
IL1RAP	8	1	7	1	GO:0045202;GO:0099151;GO:0099545;GO:0099560;GO:1905606
RAC1	8	5	3	5	GO:0098794;GO:0098974;GO:0098993;GO:0099025;GO:0099026;GO:0150052;GO:1900242
RPL30	8	6	2	3	GO:0014069;GO:0045202;GO:0140236;GO:0140242;SYNGO:postsyn_ribosome;SYNGO:presyn_ribosome
STX1A	8	6	2	6	GO:0016079;GO:0030285;GO:0099056;GO:0099059;GO:0099061
AMPH	7	5	2	4	GO:0048488;GO:0098793;GO:0098833;GO:0098843;GO:0098850;GO:0098894
AP2B1	7	4	3	7	GO:0008021;GO:0045202;GO:0048488;GO:0098843;GO:0098884;GO:0098894
AP2M1	7	3	4	7	GO:0008021;GO:0045202;GO:0048488;GO:0098884;GO:0098894
BIN1	7	4	3	4	GO:0045202;GO:0048488;GO:0098793;GO:0098794;GO:0098850
BSN	7	3	4	6	GO:0097091;GO:0098693;GO:0098831;GO:0098882
CADM1	7	2	5	5	GO:0007416;GO:0098880;GO:0098942;GO:0099054;GO:0099055;GO:0099056;GO:0099560
CTBP1	7	3	4	3	GO:0048488;GO:0097091;GO:0098831;GO:0098894;GO:0099526
CTBP2	7	4	3	4	GO:0016081;GO:0098831;GO:0098882;GO:0099523
DRD1	7	4	3	5	GO:0099010;GO:0099055;GO:0099056;GO:0099170;GO:0099171
DVL1	7	3	4	5	GO:0014069;GO:0098793;GO:0098992;GO:0099054;GO:0099173;GO:0099175;GO:2000300
EIF4E	7	5	2	4	GO:0098794;GO:0099524;GO:0099578
ERC2	7	2	5	6	GO:0016082;GO:0098831;GO:0098882;GO:0099509;GO:0150037
GABRA3	7	4	3	3	GO:0045202;GO:0099059;GO:0099060;GO:0099507;GO:1904315
GABRB2	7	5	2	4	GO:0099059;GO:0099060;GO:0099507;GO:1904315
GNB5	7	7	0	4	GO:0042734;GO:0045202;GO:0045211;GO:0098793
MYO5B	7	3	4	1	GO:0050804;GO:0098794;GO:0098871;GO:0098944;GO:0099158;GO:0099159;GO:0099639
NRG1	7	3	4	5	GO:0098794;GO:0099059;GO:0099061;GO:0099149;GO:0099527;GO:0099560;GO:1905606
PSEN1	7	4	3	5	GO:0098693;GO:0098793;GO:0098794;GO:0099056;GO:0099175;GO:0140249;SYNGO:postsyn_ser
RIMBP2	7	2	5	4	GO:0098831;GO:0098882;GO:0099505;GO:0099508;GO:0099626;GO:0150037
RIMS2	7	1	6	5	GO:0016081;GO:0016082;GO:0098831;GO:0098882;GO:0150037
RPL18A	7	5	2	3	GO:0014069;GO:0045202;GO:0140236;GO:0140242;SYNGO:postsyn_ribosome;SYNGO:presyn_ribosome
RPS18	7	5	2	3	GO:0014069;GO:0045202;GO:0140236;GO:0140242;SYNGO:postsyn_ribosome;SYNGO:presyn_ribosome
RPS19	7	5	2	3	GO:0014069;GO:0045202;GO:0140236;GO:0140242;SYNGO:postsyn_ribosome;SYNGO:presyn_ribosome
RPS3	7	5	2	3	GO:0014069;GO:0045202;GO:0140236;GO:0140242;SYNGO:postsyn_ribosome;SYNGO:presyn_ribosome
SHANK3	7	2	5	5	GO:0014069;GO:0050804;GO:0098919;GO:0099092;GO:0099175
STX3	7	2	5	3	GO:0016079;GO:0050804;GO:0098793;GO:0098794;GO:0098967
SYT1	7	6	1	3	GO:0014069;GO:0030285;GO:0045211;GO:0048786;GO:0099502;GO:0099523;GO:0099524
VAMP2	7	4	3	6	GO:0014069;GO:0016079;GO:0016081;GO:0030285;GO:0098967;GO:0099524
WNT5A	7	0	7	5	GO:0050804;GO:0050807;GO:0099150;GO:0099170;GO:0099175;GO:0099566;GO:0150045
ABI1	6	3	3	3	GO:0014069;GO:0097091;GO:0099140;GO:0099527
ACTR3	6	4	2	3	GO:0098793;GO:0098794;GO:0098974;GO:0099173
AP3D1	6	3	3	5	GO:0016182;GO:0098793;GO:0098794;GO:0098830;GO:0098943
ARF6	6	3	3	2	GO:0048488;GO:0098793;GO:0098794;GO:0099562;GO:1905606
ATG9A	6	4	2	4	GO:0008021;GO:0030672;GO:0098793;GO:0099574;GO:0099699;GO:1905606
CACNA1A	6	4	2	5	GO:0099055;GO:0099059;GO:0099626
CDH9	6	3	3	2	GO:0007416;GO:0045202;GO:0099055;GO:0099056;GO:0099560
CHRM1	6	4	2	4	GO:0060078;GO:0099055;GO:0099056;GO:0099061;GO:0099170
CHRNA4	6	4	2	5	GO:0099056;GO:0099060;GO:0099171;GO:1904315
CPLX1	6	4	2	4	GO:0031630;GO:0098793;GO:0098794;GO:0099145
CTNNB1	6	4	2	3	GO:0042734;GO:0045211;GO:0051963;GO:0097091;GO:0098831;GO:0099092
CTTN	6	3	3	2	GO:0098794;GO:0098871;GO:0098885;GO:0099010
DBN1	6	5	1	4	GO:0014069;GO:0045211;GO:0098871;GO:0098974;GO:0099524
DNM1	6	2	4	6	GO:0048488;GO:0050804;GO:0098835;GO:0099525
ERC1	6	2	4	5	GO:0016082;GO:0098831;GO:0098882;GO:0099509;GO:0099523;GO:0150037
GABRA5	6	4	2	3	GO:0099055;GO:0099056;GO:0099060;GO:0099507;GO:1904315
GRIA3	6	4	2	4	GO:0099055;GO:0099056;GO:0099059;GO:0099061;GO:0099507;GO:1904315
GRID2	6	2	4	4	GO:0099061;GO:0099072;GO:0099151;GO:1905606
GRIN1	6	4	2	4	GO:0099056;GO:0099059;GO:0099061;GO:0099507;GO:1904315
GRIN2B	6	4	2	4	GO:0099056;GO:0099059;GO:0099061;GO:0099507;GO:1904315
INA	6	4	2	2	GO:0098794;GO:0099092;GO:0099160;GO:0099170;GO:0099184
ITGB1	6	2	4	5	GO:0050804;GO:0098880;GO:0099055;GO:0099699;GO:0150054;GO:1905806
ITSN1	6	3	3	4	GO:0048488;GO:0098833;GO:0098843;GO:0098871;GO:0099175;GO:1905274
KCNC4	6	4	2	3	GO:0099055;GO:0099056;GO:0099508;GO:1905030
LRFN3	6	3	3	2	GO:0099059;GO:0099060;GO:0099061;GO:0099179;GO:0099560;GO:1905606
MAGI2	6	2	4	4	GO:0014069;GO:0098696;GO:0098879;GO:0098890;GO:0098919;GO:0099179
MYO5A	6	3	3	3	GO:0098794;GO:0098871;GO:0099089;GO:0099566;SYNGO:postsyn_ser;SYNGO:transport
NCAN	6	4	2	4	GO:0045202;GO:0050804;GO:0098966;GO:0099175
NLGN2	6	3	3	6	GO:0098698;GO:0099060;GO:1905606
NPTX2	6	4	2	4	GO:0043083;GO:0045202;GO:0098793;GO:0098892;GO:0098962;GO:0099645
OPRD1	6	6	0	3	GO:0030285;GO:0097444;GO:0098992;GO:0099056;GO:0099061
P2RX2	6	4	2	4	GO:0098992;GO:0099059;GO:0099061;GO:0099509;GO:2000300
PAK1	6	2	4	4	GO:0014069;GO:0090128;GO:0098696;GO:0098794;GO:0150036
PCLO	6	3	3	5	GO:0097091;GO:0098831;GO:0098882;GO:0099140
PFN2	6	2	4	3	GO:0050804;GO:0098793;GO:0098794;GO:0098885;GO:0099140;GO:0099171
PPFIA3	6	3	3	3	GO:0016079;GO:0016081;GO:0045202;GO:0048786;GO:0098831;GO:0099054
PRKN	6	3	3	3	GO:0030672;GO:0098793;GO:0098794;GO:0099072;GO:0140251;GO:1900242
PTK2B	6	4	2	3	GO:0098793;GO:0098794;GO:0099092;GO:0099151;GO:0099170
RAB5A	6	3	3	5	GO:0048488;GO:0098830;GO:0098844;GO:0098884;GO:0098993;GO:0099525
RPL21	6	4	2	2	GO:0045202;GO:0140236;GO:0140242;SYNGO:postsyn_ribosome;SYNGO:presyn_ribosome
RPL31	6	4	2	2	GO:0045202;GO:0140236;GO:0140242;SYNGO:postsyn_ribosome;SYNGO:presyn_ribosome
RPLP1	6	4	2	2	GO:0045202;GO:0140236;GO:0140242;SYNGO:postsyn_ribosome;SYNGO:presyn_ribosome
RPS15	6	4	2	2	GO:0045202;GO:0140236;GO:0140242;SYNGO:postsyn_ribosome;SYNGO:presyn_ribosome
RPS17	6	4	2	2	GO:0045202;GO:0140236;GO:0140242;SYNGO:postsyn_ribosome;SYNGO:presyn_ribosome
RPS2	6	4	2	2	GO:0045202;GO:0140236;GO:0140242;SYNGO:postsyn_ribosome;SYNGO:presyn_ribosome
RPS20	6	4	2	2	GO:0045202;GO:0140236;GO:0140242;SYNGO:postsyn_ribosome;SYNGO:presyn_ribosome
RPS21	6	4	2	2	GO:0045202;GO:0140236;GO:0140242;SYNGO:postsyn_ribosome;SYNGO:presyn_ribosome
RPS23	6	4	2	2	GO:0045202;GO:0140236;GO:0140242;SYNGO:postsyn_ribosome;SYNGO:presyn_ribosome
RPS25	6	4	2	3	GO:0014069;GO:0045202;GO:0140236;GO:0140242;SYNGO:postsyn_ribosome;SYNGO:presyn_ribosome
RPS3A	6	4	2	2	GO:0045202;GO:0140236;GO:0140242;SYNGO:postsyn_ribosome;SYNGO:presyn_ribosome
RPS6	6	4	2	3	GO:0140236;GO:0140242;SYNGO:postsyn_ribosome;SYNGO:presyn_ribosome
RPS7	6	4	2	2	GO:0045202;GO:0140236;GO:0140242;SYNGO:postsyn_ribosome;SYNGO:presyn_ribosome
RPS9	6	4	2	2	GO:0045202;GO:0140236;GO:0140242;SYNGO:postsyn_ribosome;SYNGO:presyn_ribosome
RPSA	6	4	2	3	GO:0045202;GO:0140236;GO:0140242;SYNGO:postsyn_ribosome;SYNGO:presyn_ribosome
SH3GL2	6	4	2	5	GO:0030672;GO:0045202;GO:0048488;GO:0098794;GO:0098974;GO:0099523
SLITRK1	6	3	3	3	GO:0050807;GO:0099055;GO:0099061;GO:0099560;GO:1905606
SLITRK3	6	3	3	3	GO:0099055;GO:0099060;GO:0099061;GO:0099560;GO:1905606
SNX27	6	3	3	4	GO:0090128;GO:0098794;GO:0098837;GO:0098842;GO:0099072
SRCIN1	6	4	2	5	GO:0051963;GO:0098793;GO:0098794;GO:0098974
STX4	6	3	3	4	GO:0098794;GO:0098967;GO:0099055;GO:0099072
VAMP4	6	1	5	4	GO:0016189;GO:0098887;GO:0099067;GO:1900242
ABI2	5	1	4	2	GO:0097091;GO:0098871;GO:0098974;GO:0099140;GO:0099173
ACTG1	5	2	3	2	GO:0098871;GO:0098973;GO:0099143;GO:1900242
ADAM10	5	1	4	3	GO:0098696;GO:0098794;GO:0099173;GO:0099175;GO:0140249
ANKS1B	5	3	2	3	GO:0014069;GO:0099092;GO:0099523;GO:0099527;GO:0099565
AP2S1	5	3	2	5	GO:0008021;GO:0045202;GO:0048488;GO:0098884;GO:0098894
ARHGAP44	5	2	3	1	GO:0014069;GO:0048786;GO:0050804;GO:0099010;GO:0099152
ARPC2	5	5	0	3	GO:0030672;GO:0045202;GO:0098793;GO:0098794
ATP2B2	5	4	1	5	GO:0042734;GO:0099055;GO:0099059;GO:0099061;GO:1905059
CADPS	5	2	3	5	GO:0016082;GO:0098674;GO:0098793;GO:0099525
CALB1	5	3	2	5	GO:0098794;GO:0099523;GO:0099524;GO:0099534;GO:0099567
CAMK2A	5	3	2	4	GO:0014069;GO:0098696;GO:0099148;GO:0099523;GO:0099524
CAPN1	5	3	2	4	GO:0014069;GO:0098793;GO:0098794;GO:0140249
CASK	5	4	1	4	GO:0098793;GO:0098794;GO:0099092;GO:2000300
CBLN1	5	1	4	4	GO:0043083;GO:0099151;GO:0099550;GO:1905606
CHRNA6	5	4	1	2	GO:0099055;GO:0099056;GO:0099171
CLSTN1	5	3	2	2	GO:0090128;GO:0098845;GO:0098969;GO:0099061;GO:0099065
CLTA	5	4	1	4	GO:0030672;GO:0048488;GO:0098835;GO:0098843
CLTC	5	4	1	5	GO:0048488;GO:0098835;GO:0098843;GO:0098850
CNKSR2	5	2	3	4	GO:0099084;GO:0099147;GO:0099173
CPEB1	5	2	3	4	GO:0014069;GO:0050804;GO:0098794;GO:0099547
CTNNA2	5	4	1	2	GO:0098831;GO:0098885;GO:0098888;GO:0098890;GO:0099092
DNM2	5	2	3	5	GO:0048488;GO:0098843;GO:0099092;GO:0099525;GO:0140239
DNM3	5	2	3	3	GO:0048488;GO:0098793;GO:0098844;GO:0099186;GO:0099525
DPYSL2	5	3	2	4	GO:0014069;GO:0098793;GO:0150052;SYNGO:transport
DRD4	5	2	3	4	GO:0099055;GO:0099056;GO:0099072;GO:0099149;GO:0099171
EFNB2	5	2	3	4	GO:0099054;GO:0099056;GO:0099061;GO:0099072;GO:0099149
EIF2B2	5	3	2	2	GO:0098794;GO:0099578;SYNGO:postsyn_er
EIF2S3	5	3	2	3	GO:0045202;GO:0098794;GO:0099578
EPHB2	5	3	2	4	GO:0051963;GO:0097104;GO:0099055;GO:0099056
EPS15	5	3	2	3	GO:0045202;GO:0048488;GO:0098843;GO:0098884;GO:0098894
ERBB4	5	3	2	3	GO:0007416;GO:0099056;GO:0099061;GO:0099645
FBXO45	5	4	1	2	GO:0098793;GO:0099523;GO:0099524;GO:2000300
FGF22	5	2	3	2	GO:0090128;GO:0098794;GO:0099147;GO:0099537
GABRA1	5	3	2	5	GO:0099060;GO:0099507;GO:1904315
GABRB1	5	2	3	4	GO:0099059;GO:0099060;GO:0099507;GO:0150047;GO:1904315
GABRR1	5	2	3	3	GO:0050804;GO:0099056;GO:0099507
GIT1	5	2	3	2	GO:0098793;GO:0098794;GO:0098879;GO:0099645;GO:2000300
GLRA3	5	3	2	3	GO:0099056;GO:0099060;GO:0099171;GO:1904315
GPC4	5	2	3	3	GO:0045202;GO:0098696;GO:0099026;GO:0099560;GO:1905606
GRID1	5	3	2	4	GO:0099055;GO:0099061;GO:0099072;GO:0099175
GRIN2D	5	3	2	4	GO:0099056;GO:0099059;GO:0099061;GO:0099507;GO:1904315
GRM7	5	4	1	5	GO:0099056;GO:0099059;GO:0099171
IL1RAPL1	5	1	4	2	GO:0099061;GO:0099175;GO:0099545;GO:1905606
IQSEC2	5	3	2	3	GO:0050804;GO:0098696;GO:0098831;GO:0098839;GO:0099092
KCNH1	5	2	3	2	GO:0099056;GO:0099061;GO:0099508;GO:0099509;GO:2000300
LRFN2	5	3	2	3	GO:0050804;GO:0098793;GO:0098794;GO:0099061;GO:0099175
LRRTM1	5	3	2	3	GO:0099055;GO:0099060;GO:0099151;GO:1905606
MARCKS	5	4	1	2	GO:0099025;GO:0099026;GO:0099523;GO:0099571;GO:1905274
MYO6	5	3	2	3	GO:0014069;GO:0098833;GO:0098871;GO:0098884;GO:0099171
NAPA	5	3	2	2	GO:0010807;GO:0016082;GO:0048787;GO:0098793;GO:0098794
NCS1	5	3	2	3	GO:0098794;GO:0099509;GO:0099523;GO:0099524;GO:2000300
NEFL	5	2	3	2	GO:0090128;GO:0099160;GO:0099170;GO:0099182;GO:0099184
NLGN1	5	1	4	5	GO:0098698;GO:0099060;GO:0099151;GO:0099174;GO:0099560
NLGN4X	5	3	2	2	GO:0050804;GO:0051963;GO:0099060;GO:0099061
NPY1R	5	2	3	4	GO:0098992;GO:0099056;GO:0099509;GO:0099538;GO:2000300
NTNG2	5	1	4	2	GO:0050804;GO:0098698;GO:0099029;GO:0099560;GO:1905606
OGT	5	3	2	2	GO:0045202;GO:0051963;GO:0098696;GO:0099523;GO:0099524
PACSIN1	5	2	3	4	GO:0048488;GO:0098833;GO:0098839;GO:0099149
PAK3	5	1	4	3	GO:0014069;GO:0090128;GO:0098696;GO:0099175
PFN1	5	2	3	2	GO:0050804;GO:0060074;GO:0098793;GO:0098794;GO:0098885
PLAT	5	4	1	4	GO:0098794;GO:0098992;GO:0099183;GO:0099544
PPP1R9A	5	3	2	3	GO:0014069;GO:0050804;GO:0098793;GO:0098871;GO:0098974
PPP1R9B	5	4	1	3	GO:0014069;GO:0097444;GO:0098890;GO:0150052
PPP3R1	5	1	4	4	GO:0045202;GO:0098693;GO:0099149;GO:0099170
PRICKLE2	5	2	3	3	GO:0014069;GO:0099151;GO:0099562
PRKAR1B	5	2	3	5	GO:0045202;GO:0050804;GO:0098693;GO:0098794
PTPRF	5	1	4	4	GO:0099061;GO:0099175;GO:0099560
RAB11A	5	3	2	4	GO:0098830;GO:0098837;GO:0098887;GO:0098993;GO:0099532
RAB7A	5	3	2	4	GO:0098830;GO:0098943;GO:0098993;GO:0099532
RAPGEF4	5	2	3	2	GO:0014069;GO:0098693;GO:0098696;GO:0098793;GO:0099175
RGS7	5	4	1	3	GO:0042734;GO:0045211;GO:0060078;GO:0098793
RGS7BP	5	4	1	3	GO:0060078;GO:0098793;GO:0098794;GO:0099026;GO:0099031
RPL19	5	3	2	2	GO:0045202;GO:0140236;GO:0140242;SYNGO:postsyn_ribosome;SYNGO:presyn_ribosome
RPL3	5	3	2	2	GO:0045202;GO:0140236;GO:0140242;SYNGO:postsyn_ribosome;SYNGO:presyn_ribosome
RPS4X	5	3	2	2	GO:0045202;GO:0140236;GO:0140242;SYNGO:postsyn_ribosome;SYNGO:presyn_ribosome
RPS8	5	3	2	2	GO:0140236;GO:0140242;SYNGO:postsyn_ribosome;SYNGO:presyn_ribosome
RTN4	5	3	2	4	GO:0050804;GO:0098794;GO:0099061;GO:0150052
SLC18A2	5	4	1	3	GO:0030285;GO:0098700;GO:0098794;GO:0098992;GO:0099066
SLC6A1	5	3	2	4	GO:0098810;GO:0099055;GO:0099056
SLC6A11	5	4	1	4	GO:0001504;GO:0045202;GO:0099055;GO:0099056
SLC6A7	5	3	2	3	GO:0030285;GO:0099056;SYNGO:metabolism
SLC6A9	5	4	1	3	GO:0001504;GO:0014069;GO:0030285;GO:0099055;GO:0099056
SNAP25	5	2	3	5	GO:0016079;GO:0098888;GO:0099026;GO:0099525
SPTBN2	5	2	3	3	GO:0098793;GO:0099150;GO:0099173;GO:0099186;GO:0099189
STX12	5	3	2	4	GO:0016189;GO:0030285;GO:0099063;GO:0099072
STXBP1	5	3	2	4	GO:0016082;GO:0098831;GO:0098888;GO:0099523;GO:0099525
SYN1	5	3	2	5	GO:0098693;GO:0098850;GO:0099504
SYT7	5	2	3	4	GO:0099056;GO:0099502;GO:0099699;GO:1900242;GO:2000300
TENM2	5	1	4	2	GO:0098890;GO:0098942;GO:0099190;GO:0099559
TENM3	5	1	4	2	GO:0099059;GO:0099190;GO:0099559;GO:0099560
TSC2	5	3	2	4	GO:0014069;GO:0045202;GO:0099175
WNT3A	5	1	4	3	GO:0045202;GO:0050804;GO:0050807;GO:1905539;GO:1905606
ABHD17B	4	2	2	1	GO:0099031;GO:0099033;GO:0099175;SYNGO:metabolism
ACTN2	4	3	1	2	GO:0098839;GO:0098871;GO:0098973;GO:0099092
ADD2	4	3	1	3	GO:0007416;GO:0098793;GO:0098794
ADGRL3	4	1	3	2	GO:0007416;GO:0050808;GO:0098880;GO:0099055
ADRA2A	4	3	1	2	GO:0099055;GO:0099059;GO:0099061;GO:0099171
ADRM1	4	2	2	2	GO:0140247;GO:0140249;SYNGO:postsyn_proteasome;SYNGO:presyn_proteasome
AFDN	4	2	2	3	GO:0048787;GO:0098839;GO:0099084;GO:0150052
ANAPC1	4	2	2	1	GO:0098793;GO:0098794;GO:0140247;GO:0140249
ANAPC10	4	2	2	1	GO:0098793;GO:0098794;GO:0140247;GO:0140249
ANAPC11	4	2	2	1	GO:0098793;GO:0098794;GO:0140247;GO:0140249
ANAPC13	4	2	2	1	GO:0098793;GO:0098794;GO:0140247;GO:0140249
ANAPC15	4	2	2	1	GO:0098793;GO:0098794;GO:0140247;GO:0140249
ANAPC16	4	2	2	1	GO:0098793;GO:0098794;GO:0140247;GO:0140249
ANAPC2	4	2	2	1	GO:0098793;GO:0098794;GO:0140247;GO:0140249
ANAPC4	4	2	2	1	GO:0098793;GO:0098794;GO:0140247;GO:0140249
ANAPC5	4	2	2	1	GO:0098793;GO:0098794;GO:0140247;GO:0140249
ANAPC7	4	2	2	1	GO:0098793;GO:0098794;GO:0140247;GO:0140249
ANK3	4	3	1	3	GO:0014069;GO:0098794;GO:0099159
AP2A1	4	2	2	4	GO:0008021;GO:0048488;GO:0098843
AP2A2	4	2	2	4	GO:0008021;GO:0045202;GO:0048488
APBB1	4	3	1	3	GO:0014069;GO:0050808;GO:0098793
ARC	4	2	2	2	GO:0050804;GO:0098839;GO:0098845;GO:0099149
ARL8A	4	1	3	2	GO:0008021;GO:1903742
ARRB2	4	2	2	3	GO:0014069;GO:0050804;GO:0098926
ATG5	4	1	3	4	GO:0045202;GO:0098930;GO:0099072;GO:0099170
ATP8A1	4	3	1	3	GO:0030285;GO:0045202;GO:0048488
BDNF	4	3	1	3	GO:0098793;GO:0098794;GO:0098992;GO:0099183
C1QL2	4	1	3	2	GO:0043083;GO:0090128;GO:0097107;GO:0099645
C22ORF39	4	3	1	1	GO:0043083;GO:0098793;GO:0098794;GO:0099072
CACNA1B	4	2	2	3	GO:0048786;GO:0099056;GO:0099626;GO:0150037
CACNA1E	4	2	2	2	GO:0099055;GO:0099056;GO:0099626;GO:2000300
CACNA2D1	4	4	0	3	GO:0098992;GO:0099025;GO:0099029
CACNG2	4	1	3	4	GO:0098970;GO:0099061;GO:0099072;GO:0099645
CACNG8	4	3	1	4	GO:0099061;GO:0099072
CD44	4	2	2	1	GO:0098793;GO:0098794;GO:0099159;GO:0099173
CDC16	4	2	2	1	GO:0098793;GO:0098794;GO:0140247;GO:0140249
CDC20	4	2	2	1	GO:0098793;GO:0098794;GO:0140247;GO:0140249
CDC23	4	2	2	1	GO:0098793;GO:0098794;GO:0140247;GO:0140249
CDC26	4	2	2	1	GO:0098793;GO:0098794;GO:0140247;GO:0140249
CDC27	4	2	2	1	GO:0098793;GO:0098794;GO:0140247;GO:0140249
CDH10	4	3	1	2	GO:0045202;GO:0099059;GO:0099060;GO:0099560
CHMP2B	4	1	3	1	GO:0014069;GO:0050804;GO:0099159;GO:0099175
CHRM2	4	3	1	3	GO:0099055;GO:0099056;GO:0099059;GO:0099171
CHRNA3	4	2	2	4	GO:0099060;GO:0099171;GO:1904315
CHRNE	4	2	2	4	GO:0099060;GO:1904315
CNR1	4	1	3	3	GO:0098921;GO:0099056;GO:0099509;SYNGO:presyn_regulationATPmetabolic
CPLX2	4	3	1	3	GO:0031630;GO:0098793;GO:0098794
CTNND2	4	2	2	2	GO:0014069;GO:0098919;GO:0099072
DAG1	4	1	3	2	GO:0050807;GO:0098696;GO:0098942;GO:0099524
DBNL	4	2	2	2	GO:0098793;GO:0098794;GO:0098973;GO:0098974
DGKI	4	3	1	1	GO:0008021;GO:0098891;GO:0099147;GO:0099171
DLG1	4	1	3	3	GO:0098919;GO:0099092;GO:0099645
DNAJC5	4	2	2	4	GO:0098693;GO:0098993;SYNGO:presyn_chaperoneProteinFolding
DOCK1	4	2	2	2	GO:0097091;GO:0098793;GO:0098794;GO:0150052
EEA1	4	3	1	3	GO:0098830;GO:0098842;GO:0099565
EIF2S1	4	3	1	3	GO:0045202;GO:0098794;GO:0099578
EIF3A	4	3	1	2	GO:0014069;GO:0098794;GO:0099578
EIF3B	4	3	1	3	GO:0045202;GO:0098794;GO:0099578
EPHA4	4	2	2	3	GO:0098883;GO:0099055;GO:0099056;GO:1905806
EPHA7	4	2	2	3	GO:0050804;GO:0099060;GO:0099061;GO:0099175
EPS15L1	4	2	2	2	GO:0048488;GO:0098793;GO:0098894
FARP1	4	1	3	1	GO:0098890;GO:0098942;GO:0098974;GO:1905606
FAU	4	2	2	1	GO:0140236;GO:0140242;SYNGO:postsyn_ribosome;SYNGO:presyn_ribosome
FLOT1	4	3	1	4	GO:0045202;GO:0048786;GO:0051580;GO:0098793
FLOT2	4	2	2	3	GO:0045202;GO:0098937;GO:0099029;GO:0099072
FLRT2	4	3	1	2	GO:0099055;GO:0099056;GO:0150052
FMR1	4	2	2	4	GO:0099523;GO:0099524;GO:0099577;GO:0099578
FZR1	4	2	2	1	GO:0098793;GO:0098794;GO:0140247;GO:0140249
GABRD	4	3	1	3	GO:0099055;GO:1904315
GAPDH	4	2	2	2	GO:0098850;GO:0099092;GO:0099162;SYNGO:postsyn_ATPmetabolic
GHSR	4	1	3	3	GO:0098696;GO:0099170;GO:0099175;GO:0099699
GLRA1	4	2	2	4	GO:0099056;GO:0099060;GO:0099507;GO:1904315
GNAI1	4	3	1	3	GO:0098793;GO:0098794;GO:0099645
GNAI2	4	3	1	4	GO:0050804;GO:0098793;GO:0098794;GO:0098992
GNAO1	4	3	1	3	GO:0030672;GO:0042734;GO:0045211;GO:0099170
GPHN	4	2	2	4	GO:0099091;GO:0099645
GRIA4	4	2	2	4	GO:0099059;GO:0099061;GO:0099507;GO:1904315
GRIK2	4	1	3	4	GO:0099055;GO:0099507;GO:1904315
GRIK4	4	3	1	3	GO:0099055;GO:0099056;GO:0099507
GRIN2A	4	2	2	3	GO:0099056;GO:0099061;GO:0099507;GO:1904315
GRIN3A	4	2	2	4	GO:0099061;GO:0099171;GO:1904315
GRIPAP1	4	1	3	2	GO:0098998;GO:0099152;GO:0099158
GSK3B	4	1	3	3	GO:0014069;GO:0098696;GO:0099159;GO:0099171
HCN1	4	2	2	2	GO:0060078;GO:0099055;GO:0099059;GO:0140232
HIP1	4	2	2	3	GO:0045211;GO:0098793;GO:0099149;GO:0099171
HOMER1	4	2	2	4	GO:0014069;GO:0098962;GO:0099186;GO:0099524
HTR1B	4	1	3	2	GO:0099056;GO:0099171;GO:0099626;GO:2000300
HTR3A	4	3	1	3	GO:0099055;GO:0099056;GO:0099507
IGSF11	4	1	3	2	GO:0099061;GO:0099072;GO:0099537;GO:1905606
ITGA3	4	2	2	3	GO:0099055;GO:0099059;GO:0099173;GO:0099560
ITGB3	4	1	3	3	GO:0098880;GO:0099149;GO:0099699;GO:0150054
KALRN	4	2	2	2	GO:0014069;GO:0098696;GO:0098793;GO:1905274
KCNA1	4	2	2	2	GO:0099055;GO:0099056;GO:0099508;GO:1905030
KCNA2	4	2	2	2	GO:0099055;GO:0099056;GO:0099508;GO:1905030
KCNC1	4	3	1	3	GO:0099055;GO:0099056;GO:0099508
KCND2	4	3	1	2	GO:0099055;GO:0099060;GO:1905030
KCNIP3	4	2	2	2	GO:0060078;GO:0098888;GO:0098890
KCNJ6	4	3	1	3	GO:0098793;GO:0098794;GO:0099056;GO:0099508
KCNQ5	4	3	1	3	GO:0099055;GO:0099056;GO:0099508
KCTD16	4	2	2	1	GO:0042734;GO:0045211;GO:0099579;GO:0150047
KCTD8	4	3	1	2	GO:0042734;GO:0048787;GO:0098794;GO:0150047
KIF1A	4	1	3	3	GO:0048490;GO:0098794;GO:0098937
KIF2C	4	2	2	1	GO:0098696;GO:0098793;GO:0098794;GO:0099188
L1CAM	4	1	3	3	GO:0050804;GO:0051963;GO:0099056;GO:0099558
LPAR1	4	2	2	1	GO:0098693;GO:0099055;GO:0099056;GO:0099149
LRFN4	4	1	3	1	GO:0099061;GO:0099151;GO:0099560;GO:1905606
LRRC4	4	2	2	2	GO:0050804;GO:0099061;GO:0099560
LRRC4B	4	1	3	1	GO:0099061;GO:0099151;GO:0099560;GO:1905606
LRRTM2	4	2	2	2	GO:0099060;GO:0099061;GO:0099151
MARCKSL1	4	3	1	2	GO:0008021;GO:0099026;GO:0099509;GO:0099523
MDGA1	4	1	3	2	GO:0090128;GO:0099031;GO:0099179;GO:1905606
MDGA2	4	1	3	2	GO:0090128;GO:0099031;GO:0099179;GO:1905606
MMP9	4	2	2	3	GO:0098965;GO:0099092;GO:0099564;GO:0150054
MYH10	4	2	2	4	GO:0098871;GO:0098974;GO:1905274
NAPB	4	3	1	2	GO:0010807;GO:0048787;GO:0098793;GO:0098794
NBEA	4	1	3	4	GO:0050808;GO:0098696;GO:0098890
NCAM1	4	2	2	3	GO:0050804;GO:0099055;GO:0099056;GO:0099560
NEDD4	4	1	3	2	GO:0099149;GO:0099524;GO:0099576;GO:0140252
NETO1	4	1	3	3	GO:0098962;GO:0099061;GO:0099645;GO:0140231
NETO2	4	1	3	3	GO:0098696;GO:0098962;GO:0099061;GO:0099645
NOS1	4	2	2	2	GO:0060078;GO:0099091;GO:0099092;GO:0099163
NOTCH1	4	2	2	2	GO:0098962;GO:0099061;GO:0099565
NPTN	4	3	1	4	GO:0097060;GO:0099059;GO:0099061;GO:0099557
NPTX1	4	1	3	2	GO:0043083;GO:0097107;GO:0098962;GO:0099645
NPY	4	1	3	3	GO:0098992;GO:0099509;GO:0099538;GO:2000300
NR3C2	4	2	2	2	GO:0060078;GO:0098831;GO:0099092;GO:0099171
NRN1	4	1	3	3	GO:0090128;GO:0098843;GO:0099171;SYNGO:transport
NRXN2	4	1	3	3	GO:0098962;GO:0099059;GO:0099171;GO:0150052
NTRK2	4	3	1	4	GO:0045211;GO:0098793;GO:0098794;GO:0099183
OPHN1	4	1	3	3	GO:0098793;GO:0098880;GO:0099149;GO:1900242
OPRM1	4	3	1	2	GO:0097444;GO:0099055;GO:0099056;GO:0099171
P2RX1	4	2	2	2	GO:0099055;GO:0099059;GO:0099509;GO:2000300
PABPC1	4	3	1	3	GO:0045202;GO:0098794;GO:0099578
PAK2	4	1	3	2	GO:0014069;GO:0090128;GO:0098696
PARK7	4	2	2	2	GO:0008021;GO:0098793;GO:1900242;SYNGO:presyn_regulationATPmetabolic
PCDH8	4	2	2	2	GO:0045202;GO:0050804;GO:0099055;GO:0099179
PICALM	4	3	1	3	GO:0048488;GO:0098794;GO:0098843;GO:0098894
PICK1	4	3	1	2	GO:0008021;GO:0098843;GO:0099149;GO:0099572
PIK3C3	4	3	1	2	GO:0048488;GO:0098794;GO:0098830;GO:0098845
PIP5K1C	4	2	2	3	GO:0014069;GO:0098835;GO:0099149;GO:1900242
PLPPR4	4	2	2	2	GO:0050804;GO:0099061;GO:0099175
PPP3CC	4	2	2	1	GO:0099523;GO:1900242
PSMA1	4	2	2	2	GO:0140247;GO:0140249;SYNGO:postsyn_proteasome;SYNGO:presyn_proteasome
PSMA2	4	2	2	2	GO:0140247;GO:0140249;SYNGO:postsyn_proteasome;SYNGO:presyn_proteasome
PSMA3	4	2	2	2	GO:0140247;GO:0140249;SYNGO:postsyn_proteasome;SYNGO:presyn_proteasome
PSMA4	4	2	2	2	GO:0140247;GO:0140249;SYNGO:postsyn_proteasome;SYNGO:presyn_proteasome
PSMA5	4	2	2	2	GO:0140247;GO:0140249;SYNGO:postsyn_proteasome;SYNGO:presyn_proteasome
PSMA6	4	2	2	2	GO:0140247;GO:0140249;SYNGO:postsyn_proteasome;SYNGO:presyn_proteasome
PSMA7	4	2	2	2	GO:0140247;GO:0140249;SYNGO:postsyn_proteasome;SYNGO:presyn_proteasome
PSMA8	4	2	2	2	GO:0140247;GO:0140249;SYNGO:postsyn_proteasome;SYNGO:presyn_proteasome
PSMB1	4	2	2	2	GO:0140247;GO:0140249;SYNGO:postsyn_proteasome;SYNGO:presyn_proteasome
PSMB10	4	2	2	2	GO:0140247;GO:0140249;SYNGO:postsyn_proteasome;SYNGO:presyn_proteasome
PSMB2	4	2	2	2	GO:0140247;GO:0140249;SYNGO:postsyn_proteasome;SYNGO:presyn_proteasome
PSMB3	4	2	2	2	GO:0140247;GO:0140249;SYNGO:postsyn_proteasome;SYNGO:presyn_proteasome
PSMB4	4	2	2	2	GO:0140247;GO:0140249;SYNGO:postsyn_proteasome;SYNGO:presyn_proteasome
PSMB5	4	2	2	2	GO:0140247;GO:0140249;SYNGO:postsyn_proteasome;SYNGO:presyn_proteasome
PSMB6	4	2	2	2	GO:0140247;GO:0140249;SYNGO:postsyn_proteasome;SYNGO:presyn_proteasome
PSMB7	4	2	2	2	GO:0140247;GO:0140249;SYNGO:postsyn_proteasome;SYNGO:presyn_proteasome
PSMB8	4	2	2	2	GO:0140247;GO:0140249;SYNGO:postsyn_proteasome;SYNGO:presyn_proteasome
PSMB9	4	2	2	2	GO:0140247;GO:0140249;SYNGO:postsyn_proteasome;SYNGO:presyn_proteasome
PSMC1	4	2	2	2	GO:0140247;GO:0140249;SYNGO:postsyn_proteasome;SYNGO:presyn_proteasome
PSMC2	4	2	2	2	GO:0140247;GO:0140249;SYNGO:postsyn_proteasome;SYNGO:presyn_proteasome
PSMC3	4	2	2	2	GO:0140247;GO:0140249;SYNGO:postsyn_proteasome;SYNGO:presyn_proteasome
PSMC4	4	2	2	2	GO:0140247;GO:0140249;SYNGO:postsyn_proteasome;SYNGO:presyn_proteasome
PSMC5	4	2	2	2	GO:0140247;GO:0140249;SYNGO:postsyn_proteasome;SYNGO:presyn_proteasome
PSMC6	4	2	2	2	GO:0140247;GO:0140249;SYNGO:postsyn_proteasome;SYNGO:presyn_proteasome
PSMD1	4	2	2	2	GO:0140247;GO:0140249;SYNGO:postsyn_proteasome;SYNGO:presyn_proteasome
PSMD10	4	2	2	2	GO:0140247;GO:0140249;SYNGO:postsyn_proteasome;SYNGO:presyn_proteasome
PSMD11	4	2	2	2	GO:0140247;GO:0140249;SYNGO:postsyn_proteasome;SYNGO:presyn_proteasome
PSMD12	4	2	2	2	GO:0140247;GO:0140249;SYNGO:postsyn_proteasome;SYNGO:presyn_proteasome
PSMD13	4	2	2	2	GO:0140247;GO:0140249;SYNGO:postsyn_proteasome;SYNGO:presyn_proteasome
PSMD14	4	2	2	2	GO:0140247;GO:0140249;SYNGO:postsyn_proteasome;SYNGO:presyn_proteasome
PSMD2	4	2	2	2	GO:0140247;GO:0140249;SYNGO:postsyn_proteasome;SYNGO:presyn_proteasome
PSMD3	4	2	2	2	GO:0140247;GO:0140249;SYNGO:postsyn_proteasome;SYNGO:presyn_proteasome
PSMD4	4	2	2	2	GO:0140247;GO:0140249;SYNGO:postsyn_proteasome;SYNGO:presyn_proteasome
PSMD5	4	2	2	2	GO:0140247;GO:0140249;SYNGO:postsyn_proteasome;SYNGO:presyn_proteasome
PSMD6	4	2	2	2	GO:0140247;GO:0140249;SYNGO:postsyn_proteasome;SYNGO:presyn_proteasome
PSMD7	4	2	2	2	GO:0140247;GO:0140249;SYNGO:postsyn_proteasome;SYNGO:presyn_proteasome
PSMD8	4	2	2	2	GO:0140247;GO:0140249;SYNGO:postsyn_proteasome;SYNGO:presyn_proteasome
PSMD9	4	2	2	2	GO:0140247;GO:0140249;SYNGO:postsyn_proteasome;SYNGO:presyn_proteasome
PSME1	4	2	2	2	GO:0140247;GO:0140249;SYNGO:postsyn_proteasome;SYNGO:presyn_proteasome
PSME2	4	2	2	2	GO:0140247;GO:0140249;SYNGO:postsyn_proteasome;SYNGO:presyn_proteasome
PSME3	4	2	2	2	GO:0140247;GO:0140249;SYNGO:postsyn_proteasome;SYNGO:presyn_proteasome
PSME4	4	2	2	2	GO:0140247;GO:0140249;SYNGO:postsyn_proteasome;SYNGO:presyn_proteasome
PSMF1	4	2	2	2	GO:0140247;GO:0140249;SYNGO:postsyn_proteasome;SYNGO:presyn_proteasome
RAB3A	4	2	2	4	GO:0031630;GO:0098993;GO:0099161
RAP2A	4	2	2	3	GO:0045202;GO:0051963;GO:0097060;GO:0099072
RHEB	4	2	2	3	GO:0014069;GO:0045202;GO:0099175
RHOA	4	2	2	2	GO:0098794;GO:0099159;GO:1905274
RNF216	4	2	2	1	GO:0098793;GO:0098843;GO:0099149;GO:0099546
ROCK2	4	2	2	3	GO:0014069;GO:0048786;GO:0090128;GO:0098974
ROR2	4	1	3	2	GO:0050804;GO:0098794;GO:0099175;GO:0150045
RPL10L	4	2	2	1	GO:0140236;GO:0140242;SYNGO:postsyn_ribosome;SYNGO:presyn_ribosome
RPL22L1	4	2	2	1	GO:0140236;GO:0140242;SYNGO:postsyn_ribosome;SYNGO:presyn_ribosome
RPL26L1	4	2	2	1	GO:0140236;GO:0140242;SYNGO:postsyn_ribosome;SYNGO:presyn_ribosome
RPL36AL	4	2	2	1	GO:0140236;GO:0140242;SYNGO:postsyn_ribosome;SYNGO:presyn_ribosome
RPL39	4	2	2	1	GO:0140236;GO:0140242;SYNGO:postsyn_ribosome;SYNGO:presyn_ribosome
RPL39L	4	2	2	1	GO:0140236;GO:0140242;SYNGO:postsyn_ribosome;SYNGO:presyn_ribosome
RPL3L	4	2	2	1	GO:0140236;GO:0140242;SYNGO:postsyn_ribosome;SYNGO:presyn_ribosome
RPL41	4	2	2	1	GO:0140236;GO:0140242;SYNGO:postsyn_ribosome;SYNGO:presyn_ribosome
RPL7L1	4	2	2	1	GO:0140236;GO:0140242;SYNGO:postsyn_ribosome;SYNGO:presyn_ribosome
RPS27L	4	2	2	1	GO:0140236;GO:0140242;SYNGO:postsyn_ribosome;SYNGO:presyn_ribosome
RPS29	4	2	2	1	GO:0140236;GO:0140242;SYNGO:postsyn_ribosome;SYNGO:presyn_ribosome
RPS4Y1	4	2	2	1	GO:0140236;GO:0140242;SYNGO:postsyn_ribosome;SYNGO:presyn_ribosome
RPS4Y2	4	2	2	1	GO:0140236;GO:0140242;SYNGO:postsyn_ribosome;SYNGO:presyn_ribosome
SCAMP5	4	2	2	2	GO:0030285;GO:1900242
SCRIB	4	1	3	2	GO:0048488;GO:0098887;GO:0099147;GO:0099149
SDC2	4	2	2	3	GO:0051963;GO:0090128;GO:0099055;GO:0099056
SEM1	4	2	2	2	GO:0140247;GO:0140249;SYNGO:postsyn_proteasome;SYNGO:presyn_proteasome
SEPTIN7	4	2	2	3	GO:0042734;GO:0099173;GO:0099186;GO:0150050
SLC18A3	4	2	2	4	GO:0030285;GO:0098700
SLC1A6	4	2	2	3	GO:0001504;GO:0099055;GO:0099056
SLC32A1	4	2	2	3	GO:0030285;GO:0098700
SLC6A5	4	2	2	4	GO:0001504;GO:0098810;GO:0099056
SLITRK2	4	1	3	2	GO:0050807;GO:0099055;GO:0099560;GO:1905606
SLITRK5	4	2	2	3	GO:0045202;GO:0099061;GO:0099560;GO:0150035
SNAP29	4	2	2	3	GO:0008021;GO:0098693;GO:0098850;GO:2000300
SUMO2	4	4	0	2	GO:0098793;GO:0098794;GO:0099523;GO:0099524
SV2B	4	2	2	3	GO:0030285;GO:0099509;GO:2000300
SYN2	4	2	2	4	GO:0097091;GO:0098850;GO:0099504
SYN3	4	2	2	3	GO:0097091;GO:0098850;GO:0099504
SYNE1	4	3	1	3	GO:0098843;GO:0098871;GO:0099149
SYNPO	4	1	3	3	GO:0097444;GO:0099170;GO:0099566
SYT11	4	3	1	2	GO:0030285;GO:0098794;GO:0099059;GO:1900242
SYT4	4	2	2	2	GO:0099066;GO:0150035;GO:0150044
TENM4	4	0	4	2	GO:0099190;GO:0099559;GO:0099560
TENT2	4	1	3	1	GO:0098794;GO:0099170;GO:0140235;GO:0140245
TRAF6	4	1	3	2	GO:0007416;GO:0098696;GO:0098794;GO:0140252
TRIO	4	2	2	2	GO:0048786;GO:0050804;GO:0098794;GO:0099170
VAMP1	4	2	2	4	GO:0016082;GO:0030285;GO:0031630;GO:0098793
VANGL2	4	3	1	3	GO:0099061;GO:1905806
VAPB	4	4	0	2	GO:0099056;GO:0099569;SYNGO:postsyn_er;SYNGO:presyn_er
WASL	4	1	3	2	GO:0098794;GO:0098974;GO:0099173;GO:0099175
WLS	4	2	2	2	GO:0098794;GO:0099056;GO:0099157;GO:0099537
AAK1	3	1	2	2	GO:0098793;GO:0140238
ABHD17A	3	2	1	1	GO:0099031;GO:0099033;GO:0099175
ACTB	3	1	2	2	GO:0098871;GO:0098973;GO:1900242
ACTN1	3	2	1	3	GO:0045202;GO:0098871;GO:0099186
ACTN4	3	2	1	2	GO:0098871;GO:0098973
ACTR2	3	3	0	2	GO:0098793;GO:0098794
ADAM22	3	2	1	2	GO:0099061;GO:0099645
ADCY1	3	1	2	3	GO:0050804;GO:0099061;GO:0099171
ADCY8	3	1	2	3	GO:0050804;GO:0099056
ADD1	3	3	0	2	GO:0045202;GO:0098793;GO:0098794
ADGRB3	3	1	2	1	GO:0090128;GO:0099061;GO:1905806
ADORA1	3	2	1	2	GO:0099055;GO:0099056;GO:0099509
ADORA2A	3	2	1	2	GO:0099055;GO:0099056;GO:0099171
ADRA1A	3	2	1	2	GO:0099055;GO:0099056;GO:0099171
ADRB2	3	2	1	3	GO:0098992;GO:0099055;GO:0099171
AGRN	3	2	1	3	GO:0045202;GO:0050807;GO:0098965
AKAP5	3	2	1	2	GO:0099092;GO:0099149
ANP32E	3	3	0	1	GO:0030672;GO:0098839;GO:0098895
AP1G1	3	1	2	3	GO:0016182;GO:0048488;GO:0098793
APBA1	3	1	2	3	GO:0048787;GO:0099171
APP	3	2	1	3	GO:0048786;GO:0098992;GO:1905606
APPL1	3	2	1	1	GO:0098793;GO:0098794;GO:0099558
ARL8B	3	1	2	2	GO:0008021;GO:1903742
ARPC1A	3	3	0	2	GO:0045202;GO:0098793;GO:0098794
ARPC3	3	2	1	1	GO:0098793;GO:0098794;GO:1900242
ARPC5	3	3	0	2	GO:0014069;GO:0098793;GO:0098794
ATP1A3	3	3	0	2	GO:0098794;GO:0099056
BCAN	3	2	1	3	GO:0060074;GO:0098966
BCR	3	2	1	2	GO:0050804;GO:0098794;GO:0099092
BRSK1	3	2	1	1	GO:0008021;GO:0010807;GO:0014069
BTBD8	3	1	2	1	GO:0016182;GO:0048488;GO:0098850
C1QL3	3	1	2	1	GO:0043083;GO:0097107;GO:0099645
C9ORF72	3	2	1	3	GO:0098693;GO:0098794;GO:0099523
CABP1	3	1	2	3	GO:0098885;GO:0099092;GO:0099527
CACNA1D	3	2	1	3	GO:0099055;GO:0099059;GO:0099626
CACNB4	3	1	2	2	GO:0098793;GO:0099626;GO:2000300
CACNG3	3	2	1	3	GO:0099061;GO:0099645
CACNG7	3	1	2	2	GO:0098962;GO:0099061;GO:0099645
CADPS2	3	1	2	3	GO:0016082;GO:0098793;GO:0099525
CALM1	3	2	1	2	GO:0099523;GO:0099524;GO:0140238
CALM2	3	2	1	2	GO:0099523;GO:0099524;GO:0140238
CALM3	3	2	1	2	GO:0099523;GO:0099524;GO:0140238
CALY	3	2	1	2	GO:0098793;GO:0098843;GO:0098884
CAMK2B	3	1	2	2	GO:0014069;GO:0090128;GO:0098973
CAMK4	3	1	2	2	GO:0098794;GO:0099170;GO:0099527
CAMKV	3	1	2	1	GO:0050804;GO:0098794;GO:0099159
CANX	3	2	1	3	GO:0048488;GO:0099055;GO:0099059
CAP1	3	2	1	1	GO:0098793;GO:0098794;GO:0098885
CAP2	3	1	2	2	GO:0098794;GO:0099140;GO:1905274
CAPN2	3	1	2	2	GO:0048488;GO:0098794;GO:0140249
CASKIN1	3	2	1	2	GO:0098793;GO:0098794;GO:0099151
CBLB	3	1	2	1	GO:0098794;GO:0099149;GO:0140252
CBLN2	3	1	2	2	GO:0043083;GO:0099550
CDC42	3	1	2	3	GO:0098794;GO:0099159;GO:0099175
CDH2	3	2	1	2	GO:0050804;GO:0099055;GO:0099056
CDK5	3	1	2	3	GO:0098794;GO:0099509;GO:1905806
CDKL5	3	1	2	2	GO:0050804;GO:0099092;GO:0099175
CFL1	3	1	2	2	GO:0050804;GO:0098885;GO:0099092
CLCN3	3	2	1	2	GO:0030285;GO:0097401;GO:0099055
CLSTN3	3	2	1	2	GO:0099061;GO:1905606
CLTB	3	2	1	2	GO:0030672;GO:0048488;GO:0098835
CNTN1	3	3	0	2	GO:0045202;GO:0099025;GO:0099026
CNTNAP4	3	1	2	1	GO:0050804;GO:0050807;GO:0099056
CPEB2	3	2	1	2	GO:0098793;GO:0098794;GO:0099547
CPLX3	3	2	1	2	GO:0031630;GO:0098993;GO:0099029
CRMP1	3	2	1	1	GO:0098793;GO:0098794;GO:0150052
CSMD2	3	1	2	1	GO:0097107;GO:0099061;GO:0099562
CTNND1	3	2	1	2	GO:0098831;GO:0099072;GO:0099092
CTTNBP2	3	1	2	1	GO:0050807;GO:0098871;GO:1905274
CYFIP1	3	1	2	1	GO:0098794;GO:0099578;GO:1905274
CYFIP2	3	2	1	3	GO:0045202;GO:0150052
CYLD	3	1	2	2	GO:0014069;GO:0098696;GO:0140252
CYP46A1	3	2	1	1	GO:0050804;GO:0098793;GO:0098794
DAAM1	3	2	1	2	GO:0045202;GO:0098793;GO:0099140
DACT1	3	1	2	2	GO:0098794;GO:0099175
DAGLA	3	2	1	3	GO:0098921;GO:0099055
DGKB	3	1	2	2	GO:0050804;GO:0099147;GO:0099175
DGKQ	3	2	1	1	GO:0098793;GO:0098794;GO:1900242
DISC1	3	2	1	2	GO:0014069;GO:0098793;GO:0099175
DLG2	3	1	2	2	GO:0098919;GO:0099031;GO:0099645
DLG3	3	1	2	2	GO:0098919;GO:0099072;GO:0099092
DLG4	3	1	2	3	GO:0098919;GO:0099031;GO:0099645
DLGAP1	3	1	2	2	GO:0050804;GO:0098919;GO:0099092
DLGAP2	3	1	2	2	GO:0050804;GO:0098962;GO:0099092
DLGAP3	3	1	2	2	GO:0050804;GO:0099010;GO:0099572
DLGAP4	3	1	2	2	GO:0090128;GO:0099010;GO:0099572
DMXL2	3	2	1	3	GO:0008021;GO:0098992;GO:1901546
DNM1L	3	2	1	1	GO:0030672;GO:0048488;GO:0098835
DOC2A	3	1	2	3	GO:0098850;GO:0099502
DOC2B	3	1	2	3	GO:0098850;GO:0099502
DRD3	3	1	2	3	GO:0051580;GO:0099061;GO:0099149
DRD5	3	2	1	3	GO:0099056;GO:0099061;GO:0099072
DTNBP1	3	2	1	2	GO:0014069;GO:0030672;GO:2000300
EFNB3	3	2	1	2	GO:0099056;GO:0099061;GO:0099557
EGLN1	3	1	2	1	GO:0014069;GO:0099159;GO:0140252
EHD1	3	2	1	2	GO:0048488;GO:0048786;GO:0098793
EIF1AX	3	2	1	2	GO:0045202;GO:0098794;GO:0099578
EIF1AY	3	2	1	2	GO:0045202;GO:0098794;GO:0099578
EIF2S2	3	2	1	2	GO:0045202;GO:0098794;GO:0099578
EIF3D	3	2	1	2	GO:0045202;GO:0098794;GO:0099578
EIF3E	3	2	1	2	GO:0014069;GO:0098794;GO:0099578
EIF3F	3	2	1	2	GO:0045202;GO:0098794;GO:0099578
EIF3I	3	2	1	2	GO:0045202;GO:0098794;GO:0099578
EIF4G1	3	2	1	2	GO:0098794;GO:0099578
ELMO1	3	2	1	2	GO:0098794;GO:0150052
EPB41L1	3	2	1	2	GO:0098793;GO:0098794;GO:0099145
EPN1	3	2	1	2	GO:0048488;GO:0098794;GO:0098894
EPS8	3	2	1	2	GO:0014069;GO:0099072
ERBIN	3	2	1	2	GO:0098794;GO:0099072;GO:0099572
EXOC4	3	2	1	2	GO:0008021;GO:0098696;GO:0099092
EXOC7	3	2	1	1	GO:0051963;GO:0098793;GO:0098794
FAAH	3	2	1	2	GO:0098793;GO:0098794;GO:0150036
FABP5	3	2	1	1	GO:0098921;GO:0099092;GO:0099524
FAM107A	3	2	1	1	GO:0098871;GO:0099143;GO:0150052
FAM81A	3	2	1	2	GO:0014069;GO:0097107;GO:0099092
FBXL20	3	1	2	1	GO:0045202;GO:0099575;GO:2000300
FGFR1	3	2	1	2	GO:0045202;GO:0098794;GO:0099151
FILIP1	3	2	1	1	GO:0098794;GO:0098871;GO:0099010
FRMPD4	3	2	1	2	GO:0014069;GO:0098974
FUS	3	3	0	2	GO:0099523;GO:0099524
FZD9	3	1	2	1	GO:0098794;GO:0099173;GO:0099566
GABRA6	3	2	1	2	GO:0099060;GO:1904315
GABRB3	3	2	1	2	GO:0099055;GO:0099060;GO:1904315
GABRG2	3	2	1	3	GO:0099060;GO:1904315
GDA	3	3	0	2	GO:0098794;GO:0099523;GO:0099524
GHRL	3	1	2	3	GO:0099013;GO:0099170;GO:0099175
GIPC1	3	2	1	1	GO:0098793;GO:0098794;GO:0099171
GLRA2	3	1	2	3	GO:0050804;GO:0099060;GO:1904315
GNAI3	3	3	0	3	GO:0045202;GO:0098793;GO:0098794
GPER1	3	2	1	2	GO:0050804;GO:0099055;GO:0099056
GPM6A	3	2	1	3	GO:0050807;GO:0098793;GO:0099059
GPR151	3	2	1	1	GO:0030285;GO:0099056;GO:2000300
GRID2IP	3	1	2	2	GO:0099072;GO:0099092;GO:0099566
GRIK1	3	1	2	3	GO:0099056;GO:0099507;GO:1904315
GRIK3	3	2	1	3	GO:0099056;GO:0099061;GO:0099507
GRIN3B	3	2	1	2	GO:0099059;GO:0099061;GO:0099507
GRIP1	3	2	1	3	GO:0014069;GO:0098794;GO:0098887
GRIP2	3	2	1	3	GO:0014069;GO:0098887;GO:0099092
GRM1	3	2	1	2	GO:0098872;GO:0099055;GO:0099061
GRM2	3	2	1	3	GO:0099055;GO:0099056;GO:0099171
GRM3	3	2	1	2	GO:0099055;GO:0099056;GO:0099170
GRM4	3	2	1	3	GO:0099059;GO:0099171
HAP1	3	2	1	2	GO:0099149;GO:0099523;GO:0099524
HIP1R	3	2	1	3	GO:0098794;GO:0098843;GO:0099173
HNRNPA3	3	3	0	1	GO:0014069;GO:0098794
HNRNPAB	3	3	0	1	GO:0098794;GO:0099523
HNRNPK	3	1	2	1	GO:0050804;GO:0098794;GO:0099175
HNRNPM	3	2	1	2	GO:0014069;GO:0045202;GO:0099175
HTR2A	3	2	1	2	GO:0099055;GO:0099056;GO:0099171
HTR7	3	2	1	2	GO:0099055;GO:0099056;GO:0099171
HTT	3	2	1	2	GO:0099523;GO:0099524;GO:0099527
ICAM5	3	2	1	3	GO:0051963;GO:0098794
INSYN1	3	1	2	2	GO:0099084;GO:0099565;GO:0099572
IQSEC1	3	1	2	2	GO:0099092;GO:0099149;GO:0099170
IQSEC3	3	2	1	2	GO:0099173;GO:0099629
ITPR1	3	2	1	2	GO:0098695;SYNGO:postsyn_ser_membrane_integral;SYNGO:presyn_ser_membrane_integral
JAK2	3	1	2	1	GO:0050804;GO:0098794;GO:1905539
KCNA4	3	2	1	2	GO:0099055;GO:0099056;GO:0099508
KCNC3	3	2	1	2	GO:0099055;GO:0099056;GO:1900242
KCNN2	3	2	1	2	GO:0050804;GO:0099055
KIF21B	3	1	2	1	GO:0098845;GO:0098934;GO:0099072
KIF3A	3	1	2	2	GO:0098794;GO:0098937;GO:0098971
KIF5B	3	2	1	2	GO:0098987;GO:0099524
KPNA2	3	1	2	2	GO:0014069;GO:0099527
LAMA5	3	2	1	2	GO:0043083;GO:0098965;GO:0099173
LAMP1	3	3	0	3	GO:0030285;GO:0098794
LRFN5	3	1	2	2	GO:0099061;GO:0099560;GO:1905606
LRRC4C	3	1	2	1	GO:0050804;GO:0099061;GO:0099560
LRRK2	3	2	1	3	GO:0099523;GO:1900242
LRRTM4	3	2	1	2	GO:0045202;GO:0051963;GO:0099061
MAP1A	3	2	1	1	GO:0014069;GO:0048786;GO:0099181
MAPK10	3	2	1	2	GO:0014069;GO:0098969;GO:0150051
MDM2	3	1	2	2	GO:0014069;GO:0099149;GO:0099576
MGLL	3	2	1	2	GO:0098793;GO:0099178
MIB2	3	1	2	1	GO:0098794;GO:0099149;GO:0140252
MKLN1	3	2	1	1	GO:0098895;GO:0098968;GO:0099164
MPP2	3	1	2	2	GO:0098919;GO:0099031
MRTFA	3	2	1	1	GO:0098793;GO:0098794;GO:0099159
MRTFB	3	2	1	1	GO:0098793;GO:0098794;GO:0099159
MYLK	3	1	2	3	GO:0045202;GO:0098969;GO:1900242
NAPEPLD	3	3	0	2	GO:0042734;GO:0045211;SYNGO:presyn_ser_membrane
NCKAP1	3	2	1	3	GO:0014069;GO:0050807;GO:0098794
NEFH	3	1	2	1	GO:0099160;GO:0099170;GO:0099184
NF1	3	0	3	2	GO:0098926;GO:0099159;GO:0099175
NGDN	3	1	2	1	GO:0098794;GO:0099170;GO:0140245
NOS1AP	3	2	1	2	GO:0098793;GO:0098794;GO:0098974
NPTXR	3	0	3	1	GO:0098962;GO:0099150;GO:0099645
NRCAM	3	2	1	1	GO:0099055;GO:0099061;GO:0099175
NRG3	3	1	2	3	GO:0007416;GO:0045202;GO:0050804
NRGN	3	2	1	2	GO:0045211;GO:0098794;GO:0099170
NSF	3	2	1	3	GO:0099091;GO:0099504;GO:0099523
NTF3	3	2	1	2	GO:0098793;GO:0098794;GO:0150052
NTNG1	3	1	2	1	GO:0050804;GO:0099029;GO:0099560
NTRK3	3	1	2	1	GO:0097107;GO:0099055;GO:1905606
NUMB	3	1	2	2	GO:0014069;GO:0099149;GO:0150052
OLFM1	3	2	1	2	GO:0098696;GO:0099147;GO:0099243
OPRK1	3	3	0	1	GO:0030285;GO:0099055;GO:0099056
OSBPL2	3	1	2	1	GO:0010807;GO:0098831;GO:0099509
OTOF	3	1	2	2	GO:0016079;GO:0016082;GO:0030285
P2RY1	3	1	2	1	GO:0099059;GO:0099509;GO:2000300
P2RY2	3	1	2	1	GO:0099059;GO:0099509;GO:2000300
P2RY4	3	1	2	1	GO:0099059;GO:0099509;GO:2000300
PCDH17	3	2	1	1	GO:0099055;GO:0099056;GO:0099560
PDLIM5	3	2	1	2	GO:0098793;GO:0098794;GO:0150052
PDYN	3	3	0	2	GO:0008021;GO:0098992;GO:0099013
PENK	3	2	1	2	GO:0034592;GO:0099013;GO:0099538
PHB1	3	3	0	3	GO:0014069;GO:0045202;GO:0098891
PHLDB2	3	1	2	2	GO:0099072;GO:0099151;GO:0099524
PIKFYVE	3	2	1	2	GO:0008021;GO:0099149;GO:0099524
PLCB1	3	1	2	3	GO:0099170;GO:0099178;GO:0099524
PLCB4	3	2	1	2	GO:0014069;GO:0050804;SYNGO:postsyn_ser
PPFIA1	3	1	2	3	GO:0097444;GO:0099054;GO:0099072
PPFIA4	3	2	1	3	GO:0045202;GO:0098793;GO:0099054
PRICKLE1	3	1	2	1	GO:0014069;GO:0099151;GO:0099562
PRKACA	3	2	1	2	GO:0098793;GO:0098794;GO:0099170
PRKAR2B	3	2	1	3	GO:0050804;GO:0098794
PRKCE	3	1	2	3	GO:0099161;GO:0099171;GO:0099523
PRKCG	3	2	1	2	GO:0099523;GO:0099524;GO:2000300
PRRT2	3	2	1	2	GO:0042734;GO:0099056;GO:0150037
PSD	3	1	2	2	GO:0099092;GO:0099562;GO:0150052
PSEN2	3	1	2	2	GO:0099056;GO:0099175;GO:0140249
PTK2	3	2	1	3	GO:0098794;GO:1905274
PTN	3	2	1	2	GO:0050804;GO:0098793;GO:0098794
PURA	3	2	1	3	GO:0014069;GO:0098794;GO:0098963
RAB11B	3	2	1	3	GO:0098993;GO:0099161
RAB3B	3	2	1	2	GO:0098693;GO:0098993
RAB8A	3	1	2	3	GO:0045202;GO:0098887;GO:0098969
RAC3	3	1	2	2	GO:0098794;GO:0098974;GO:0150052
RAPSN	3	1	2	2	GO:0098879;GO:0099634;GO:0099645
RELN	3	1	2	3	GO:0014069;GO:0016079;GO:0090128
RGS14	3	2	1	3	GO:0014069;GO:0050804;GO:0098794
RNF34	3	2	1	1	GO:0098793;GO:0099149;GO:0099572
RPH3A	3	2	1	3	GO:0016082;GO:0098850
RPS6KB1	3	2	1	3	GO:0045202;GO:0050804;GO:0098794
RTN4R	3	1	2	3	GO:0051963;GO:0098793;GO:0150052
SARM1	3	1	2	2	GO:0099010;GO:0099243;GO:1905806
SCN10A	3	2	1	2	GO:0099056;GO:0099508
SEMA3A	3	0	3	3	GO:0008039;GO:0050807;GO:0099558
SENP1	3	2	1	2	GO:0099523;GO:0099524;GO:0150052
SEPTIN11	3	2	1	1	GO:0050807;GO:0098794;GO:0099629
SEPTIN3	3	2	1	2	GO:0098793;GO:0140247
SGIP1	3	2	1	2	GO:0048488;GO:0098793
SH3GL1	3	3	0	2	GO:0045202;GO:0098793;GO:0099092
SHANK1	3	1	2	1	GO:0014069;GO:0050804;GO:0098919
SHANK2	3	1	2	2	GO:0014069;GO:0098919;GO:0099175
SHISA6	3	1	2	1	GO:0098962;GO:0098970;GO:0099061
SHROOM4	3	2	1	1	GO:0098793;GO:0098794;GO:0099072
SIPA1L1	3	1	2	1	GO:0098794;GO:0098974;GO:0099151
SIPA1L2	3	2	1	2	GO:0098793;GO:0098928;GO:0099092
SLC12A5	3	1	2	3	GO:0098970;GO:0099060;GO:0150052
SLC17A8	3	2	1	3	GO:0030285;GO:0098700
SLC1A7	3	2	1	2	GO:0001504;GO:0099055;GO:0099056
SLC6A2	3	2	1	2	GO:0030285;GO:0098810;GO:0099056
SLC6A3	3	2	1	2	GO:0001504;GO:0099055;GO:0099056
SLC6A4	3	2	1	2	GO:0098810;GO:0099055;GO:0099056
SLC6A6	3	1	2	2	GO:0050804;GO:0099055;SYNGO:transport
SLC9A6	3	1	2	2	GO:0098793;GO:0099072;GO:1901546
SNAP47	3	2	1	2	GO:0014069;GO:0048786;GO:0098967
SNAP91	3	2	1	2	GO:0045211;GO:0048488;GO:0098894
SNAPIN	3	2	1	3	GO:0008021;GO:0098793;GO:2000300
SPARCL1	3	1	2	3	GO:0050807;GO:0098965;GO:0099560
STAT3	3	1	2	2	GO:0014069;GO:0050804;GO:0099527
STAU1	3	0	3	2	GO:0050804;GO:0098963;GO:0099010
STRN	3	2	1	2	GO:0014069;GO:0098794;GO:0099159
STX1B	3	1	2	3	GO:0016079;GO:0031629;GO:0099059
STX6	3	2	1	2	GO:0016189;GO:0030285
STX7	3	2	1	2	GO:0016189;GO:0030285
STXBP5L	3	1	2	2	GO:0098992;GO:2000300
SYNGAP1	3	1	2	2	GO:0050804;GO:0098880;GO:0099092
SYNGR1	3	2	1	3	GO:0030285;GO:0050804
SYNGR3	3	1	2	3	GO:0008021;GO:0010807;GO:0051580
SYNJ1	3	1	2	3	GO:0016191;GO:0098793;GO:0099149
SYP	3	1	2	3	GO:0010807;GO:0030285;GO:0050804
SYT17	3	2	1	2	GO:0098793;GO:0098794;GO:0099149
SYT3	3	2	1	2	GO:0098794;GO:0099072;GO:0099699
TANC2	3	2	1	2	GO:0014069;GO:0098919;GO:0099092
TAOK2	3	1	2	2	GO:0098794;GO:0099175;GO:0099179
TBC1D24	3	2	1	2	GO:0045202;GO:0098835;GO:0099532
TENM1	3	0	3	1	GO:0099190;GO:0099559
TFRC	3	2	1	2	GO:0098794;GO:0099063;GO:0099072
TIAM1	3	1	2	1	GO:0099147;GO:0099175;GO:1905274
TNIK	3	2	1	2	GO:0098696;GO:0098793;GO:0099092
TRPC1	3	2	1	2	GO:0050804;GO:0099055;GO:0099056
TRPC6	3	2	1	1	GO:0099056;GO:0099061;GO:0150052
UBE2I	3	2	1	2	GO:0050804;GO:0099523;GO:0099524
UBE2M	3	2	1	1	GO:0098793;GO:0098794;GO:0150052
UBE3A	3	2	1	2	GO:0008021;GO:0050804;GO:0099524
UNC13B	3	1	2	3	GO:0016079;GO:0098793;GO:0099161
VCP	3	2	1	3	GO:0045202;GO:0050807
VEZT	3	2	1	2	GO:0060074;GO:0098794
VGF	3	1	2	2	GO:0045202;GO:0050804;GO:0099538
VHL	3	1	2	1	GO:0014069;GO:0099175;GO:0140252
VPS18	3	1	2	2	GO:0098693;GO:0098793;GO:2000300
VPS26B	3	2	1	1	GO:0098696;GO:0098837;GO:0098842
VTI1A	3	2	1	3	GO:0008021;GO:0016189;GO:0030285
WASF1	3	1	2	3	GO:0098794;GO:0098885;GO:0098939
WASF2	3	1	2	2	GO:0045202;GO:0098974;GO:0099173
WNT7A	3	0	3	3	GO:0099175;GO:1905606;GO:2000300
YWHAH	3	2	1	2	GO:0045202;GO:0098793;GO:0099171
YWHAZ	3	1	2	3	GO:0008039;GO:0090128;GO:0099572
ZDHHC5	3	2	1	2	GO:0098794;GO:0099072;GO:0099091
ABCC8	2	1	1	2	GO:0099056;GO:0099171
ABHD6	2	1	1	1	GO:0099055;GO:0099178
ABI3	2	1	1	1	GO:0098794;GO:0098885
ABL1	2	1	1	1	GO:0014069;GO:0099150
ABL2	2	1	1	2	GO:0060074;GO:0098794
ABR	2	1	1	1	GO:0050804;GO:0099092
ACHE	2	1	1	1	GO:0042135;GO:0043083
ADAM11	2	1	1	1	GO:0099061;GO:0099560
ADGRB1	2	1	1	1	GO:0098974;GO:0099055
ADGRL2	2	1	1	1	GO:0050808;GO:0099055
ADORA2B	2	1	1	1	GO:0045202;GO:0099171
ADORA3	2	1	1	2	GO:0045202;GO:0099171
ADRA2C	2	2	0	1	GO:0099055;GO:0099061
ADRB1	2	1	1	2	GO:0098992;GO:0099579
AGAP1	2	1	1	1	GO:0098845;GO:0099159
AGAP3	2	1	1	1	GO:0014069;GO:0099072
AGO2	2	1	1	1	GO:0090128;GO:0098794
AKAP9	2	1	1	2	GO:0098962;GO:0099147
ALK	2	1	1	1	GO:0098794;GO:0099540
ALS2	2	1	1	1	GO:0014069;GO:0099072
AMOT	2	1	1	1	GO:0014069;GO:1905274
ANO6	2	1	1	1	GO:0060078;GO:0099699
AP3B2	2	1	1	1	GO:0048488;GO:0098793
AP3M1	2	1	1	1	GO:0098837;GO:0098884
AP3M2	2	1	1	2	GO:0008021;GO:0048488
APBA2	2	1	1	2	GO:0098793;GO:0099171
APC	2	2	0	2	GO:0014069;GO:0098794
APH1B	2	1	1	2	GO:0045202;GO:0099151
APOE	2	1	1	2	GO:0043083;GO:0050807
ARF1	2	1	1	1	GO:0014069;GO:0098974
ARF4	2	0	2	1	GO:0050807;GO:0099175
ARFGAP3	2	1	1	1	GO:0048786;GO:0140238
ARFGEF2	2	2	0	1	GO:0098793;GO:0098794
ARHGAP12	2	1	1	1	GO:0098794;GO:0150052
ARHGAP33	2	1	1	1	GO:0014069;GO:0150052
ARHGAP39	2	1	1	1	GO:0098794;GO:0099173
ARHGDIA	2	1	1	2	GO:0045202;GO:0098693
ARHGEF15	2	1	1	1	GO:0098794;GO:0150052
ARHGEF2	2	2	0	2	GO:0098794;GO:0099092
ARHGEF7	2	0	2	2	GO:0098974;GO:0099140
ARHGEF9	2	1	1	2	GO:0099150;GO:0099572
ARL6IP5	2	1	1	2	GO:0051580;GO:0099523
ARPC4	2	2	0	1	GO:0098793;GO:0098794
ASIC1	2	1	1	2	GO:0099061;GO:0150052
ASIC2	2	1	1	1	GO:0099061;GO:0150052
ATAD1	2	1	1	1	GO:0098794;GO:0099149
ATG16L1	2	1	1	2	GO:0045202;GO:0098930
ATG3	2	2	0	2	GO:0045202;GO:0098793
ATP2B1	2	2	0	2	GO:0042734;GO:0099059
ATP2B3	2	1	1	2	GO:0099056;GO:1905056
ATP6AP1	2	1	1	2	GO:0030285;GO:0097401
ATP6AP2	2	1	1	2	GO:0030285;GO:0097401
ATP6V0A1	2	1	1	2	GO:0030285;GO:0097401
ATP6V0A4	2	1	1	2	GO:0030285;GO:0097401
ATP6V0B	2	1	1	2	GO:0097401;GO:0098850
ATP6V0C	2	1	1	2	GO:0030285;GO:0097401
ATP6V0D1	2	1	1	2	GO:0030285;GO:0097401
ATP6V0E2	2	1	1	2	GO:0030285;GO:0097401
ATP6V1A	2	1	1	2	GO:0097401;GO:0098850
ATP6V1B1	2	1	1	2	GO:0097401;GO:0098850
ATP6V1B2	2	1	1	2	GO:0097401;GO:0098850
ATP6V1C1	2	1	1	2	GO:0097401;GO:0098850
ATP6V1D	2	1	1	2	GO:0097401;GO:0098850
ATP6V1E1	2	1	1	2	GO:0097401;GO:0098850
ATP6V1F	2	1	1	2	GO:0097401;GO:0098850
ATP6V1G1	2	1	1	2	GO:0097401;GO:0098850
ATP6V1G2	2	1	1	2	GO:0097401;GO:0098850
ATP6V1H	2	1	1	2	GO:0097401;GO:0098850
ATR	2	2	0	1	GO:0098794;GO:0098850
BACE1	2	1	1	2	GO:0098793;GO:0099171
BASP1	2	2	0	1	GO:0014069;GO:0098793
BCL2L1	2	1	1	1	GO:0008021;GO:1900242
BEGAIN	2	1	1	2	GO:0098794;GO:0098962
BRAF	2	1	1	2	GO:0098794;GO:0099170
C1QA	2	2	0	1	GO:0098888;GO:0098890
C1QB	2	2	0	1	GO:0098888;GO:0098890
C1QC	2	2	0	1	GO:0098888;GO:0098890
C1QL1	2	1	1	1	GO:0043083;GO:1905806
C4A	2	2	0	1	GO:0098793;GO:0098794
C4B	2	2	0	1	GO:0098793;GO:0098794
CACFD1	2	1	1	1	GO:0030285;GO:0048488
CACNA1C	2	2	0	1	GO:0099055;GO:0099056
CACNA1H	2	2	0	1	GO:0099055;GO:0099059
CACNA2D2	2	1	1	1	GO:0098696;GO:0099029
CACNA2D3	2	1	1	1	GO:0099029;GO:0099174
CACNB1	2	2	0	1	GO:0098793;GO:0098794
CACNG4	2	1	1	2	GO:0098962;GO:0099061
CACNG5	2	1	1	1	GO:0098962;GO:0099055
CADM2	2	1	1	1	GO:0099055;GO:0099560
CADM3	2	1	1	2	GO:0099056;GO:0099560
CADM4	2	1	1	1	GO:0099560;GO:0099699
CALB2	2	1	1	2	GO:0045202;GO:0099534
CALCRL	2	2	0	1	GO:0008021;GO:0098992
CAMK1	2	1	1	1	GO:0014069;GO:0050807
CAMK2G	2	1	1	1	GO:0099072;GO:0099524
CAPRIN1	2	2	0	2	GO:0045202;GO:0098794
CARMIL3	2	1	1	1	GO:0098794;GO:0150052
CASP3	2	1	1	2	GO:0014069;GO:0098693
CASR	2	1	1	2	GO:0099056;GO:0099505
CBARP	2	1	1	1	GO:0098793;GO:0099509
CBLN4	2	1	1	1	GO:0043083;GO:0099550
CC2D1A	2	1	1	2	GO:0045202;GO:0150052
CCK	2	1	1	2	GO:0099013;GO:0099538
CD200	2	2	0	1	GO:0014069;GO:0048786
CD2AP	2	1	1	1	GO:0050808;GO:0098793
CD47	2	1	1	1	GO:0098793;GO:1905806
CDH1	2	1	1	1	GO:0098794;GO:0099576
CDH11	2	1	1	1	GO:0045202;GO:0050804
CDH6	2	1	1	1	GO:0045202;GO:0099560
CDH8	2	1	1	2	GO:0050807;GO:0097060
CDK5R1	2	1	1	1	GO:0098693;GO:0098793
CELSR3	2	2	0	1	GO:0099059;GO:0099061
CHMP4B	2	1	1	1	GO:0014069;GO:0099175
CHRM3	2	2	0	1	GO:0099056;GO:0099061
CHRM4	2	2	0	1	GO:0099056;GO:0099061
CHRM5	2	2	0	1	GO:0099055;GO:0099056
CHRNA1	2	1	1	2	GO:0099060;GO:1904315
CHRNA10	2	1	1	2	GO:0099060;GO:1904315
CHRNA5	2	0	2	2	GO:0098962;GO:0099171
CHRNA9	2	1	1	2	GO:0099060;GO:1904315
CHRNB1	2	1	1	2	GO:0099060;GO:1904315
CHRNB4	2	1	1	2	GO:0099060;GO:1904315
CHRND	2	1	1	2	GO:0099060;GO:1904315
CLMP	2	1	1	1	GO:0099055;GO:0099170
CNIH2	2	1	1	2	GO:0098962;GO:0099061
CNR2	2	1	1	2	GO:0099055;GO:0099553
CNRIP1	2	1	1	1	GO:0098793;GO:0150036
CNTN5	2	1	1	2	GO:0099026;GO:0099054
CNTN6	2	2	0	1	GO:0098793;GO:0099026
CNTNAP1	2	1	1	2	GO:0048786;GO:0090128
CNTNAP2	2	1	1	2	GO:0099056;GO:0099072
COMT	2	1	1	2	GO:0042135;GO:0098794
COPS4	2	1	1	1	GO:0098793;GO:1900242
CPEB3	2	1	1	2	GO:0098794;GO:0150052
CPT1C	2	1	1	2	GO:0099072;SYNGO:postsyn_er_membrane_integral
CRIPT	2	1	1	2	GO:0099092;GO:0099151
CRKL	2	1	1	1	GO:0098698;GO:0098890
CRTAC1	2	1	1	1	GO:0014069;GO:0051963
CRTC1	2	1	1	1	GO:0014069;GO:0099527
CSNK2A1	2	1	1	2	GO:0098794;GO:0099072
CSNK2B	2	1	1	1	GO:0050807;GO:0099523
CSPG5	2	1	1	2	GO:0099055;GO:2000300
CTSD	2	1	1	1	GO:0098830;GO:0099532
CXADR	2	1	1	2	GO:0099056;GO:1900242
CYTH1	2	1	1	1	GO:0098888;GO:0099171
CYTH2	2	2	0	2	GO:0098794;GO:0098892
DAB1	2	1	1	2	GO:0045202;GO:0090128
DCC	2	1	1	1	GO:0099061;GO:0099170
DCLK1	2	1	1	1	GO:0098794;GO:0150052
DCX	2	1	1	2	GO:0098793;GO:0150052
DDHD2	2	1	1	1	GO:0098793;GO:0099575
DDN	2	2	0	1	GO:0098793;GO:0098794
DENND1A	2	1	1	1	GO:0048488;GO:0098993
DGKZ	2	1	1	1	GO:0014069;GO:0099562
DIP2A	2	1	1	1	GO:0098794;GO:1905274
DIXDC1	2	1	1	1	GO:0098794;GO:0098885
DLG5	2	1	1	1	GO:0014069;GO:0099173
DMD	2	2	0	2	GO:0098794;GO:0099572
DNAJB1	2	2	0	1	GO:0014069;GO:0098794
DNAJC6	2	1	1	2	GO:0016191;GO:0098894
DOCK10	2	1	1	1	GO:0098794;GO:0150052
DOCK4	2	1	1	1	GO:0098794;GO:0150052
DPP6	2	1	1	2	GO:0045202;GO:0060078
DSTN	2	2	0	1	GO:0098793;GO:0098794
DYNLL2	2	2	0	2	GO:0014069;GO:0098794
EEF1A1	2	1	1	2	GO:0098794;GO:0099150
EEF1A2	2	1	1	2	GO:0045202;GO:0099150
EEF2	2	1	1	2	GO:0045202;GO:0140242
EEF2K	2	1	1	2	GO:0014069;GO:0140245
EFNB1	2	1	1	1	GO:0099054;GO:0099056
EHBP1	2	1	1	2	GO:0099243;GO:0099525
EIF1	2	1	1	1	GO:0098794;GO:0099578
EIF2A	2	1	1	1	GO:0098794;GO:0099578
EIF2B1	2	1	1	1	GO:0098794;GO:0099578
EIF2B3	2	1	1	1	GO:0098794;GO:0099578
EIF2B4	2	1	1	1	GO:0098794;GO:0099578
EIF2B5	2	1	1	1	GO:0098794;GO:0099578
EIF3C	2	1	1	1	GO:0098794;GO:0099578
EIF3H	2	1	1	1	GO:0098794;GO:0099578
EIF3K	2	1	1	1	GO:0098794;GO:0099578
EIF3M	2	1	1	1	GO:0098794;GO:0099578
EIF4A1	2	1	1	1	GO:0098794;GO:0099578
EIF4EBP1	2	1	1	2	GO:0099524;GO:0099577
EIF4G2	2	2	0	1	GO:0014069
EIF5A	2	2	0	2	GO:0045202
ELAVL2	2	1	1	2	GO:0045202;GO:0051963
ELFN1	2	1	1	1	GO:0099061;GO:0099560
ELFN2	2	1	1	1	GO:0099061;GO:0099560
ELMO2	2	1	1	2	GO:0045202;GO:0150052
ENAH	2	1	1	1	GO:0098794;GO:0099188
EPB41L3	2	1	1	1	GO:0098696;GO:0098794
EPHA3	2	1	1	1	GO:0098793;GO:0099560
ERBB2	2	1	1	2	GO:0099056;GO:0099645
EXOC2	2	0	2	1	GO:0090128;GO:0099641
FBXO2	2	1	1	1	GO:0098890;GO:0099576
FCHO2	2	1	1	1	GO:0045202;GO:0048488
FGF7	2	1	1	1	GO:0090128;GO:0098794
FLNA	2	1	1	1	GO:0050808;GO:0098794
FLRT3	2	1	1	1	GO:0099055;GO:0099560
FRRS1L	2	1	1	2	GO:0099072;SYNGO:postsyn_er_membrane_integral
FXYD6	2	2	0	1	GO:0099055;GO:0099056
FYN	2	1	1	2	GO:0050804;GO:0099092
FZD5	2	1	1	1	GO:0045202;GO:0099054
GABARAP	2	1	1	2	GO:0098696;GO:0099091
GABBR2	2	2	0	1	GO:0099055;GO:0099056
GABRA4	2	1	1	1	GO:0099060;GO:1904315
GABRE	2	1	1	1	GO:0099055;GO:1904315
GABRG3	2	1	1	1	GO:0099699;GO:1904315
GAD1	2	1	1	2	GO:0042136;GO:0098793
GAD2	2	1	1	2	GO:0042136;GO:0098793
GAP43	2	1	1	2	GO:0098793;GO:0099150
GIT2	2	1	1	1	GO:0098793;GO:2000300
GLRB	2	1	1	2	GO:0099572;GO:1904315
GNA13	2	1	1	1	GO:0098794;GO:0150052
GNAL	2	2	0	1	GO:0098793;GO:0098794
GNAS	2	2	0	1	GO:0098793;GO:0098794
GNB2	2	2	0	2	GO:0030672;GO:0045202
GNG7	2	2	0	2	GO:0030672;GO:0045202
GPC6	2	1	1	2	GO:0045202;GO:0098696
GPR39	2	1	1	1	GO:0098962;GO:0099060
GPSM2	2	1	1	1	GO:0014069;GO:0099645
GRIN2C	2	1	1	2	GO:0099061;GO:1904315
GRK2	2	2	0	1	GO:0014069;GO:0098793
GRK3	2	2	0	1	GO:0014069;GO:0098793
GRM5	2	1	1	2	GO:0050804;GO:0099055
GRM8	2	1	1	2	GO:0099059;GO:0099171
GRN	2	1	1	2	GO:0045202;GO:0099558
GSG1L	2	1	1	2	GO:0099061;GO:0099149
GUCY1B1	2	2	0	1	GO:0098831
HAS2	2	2	0	1	GO:0099055;GO:0099056
HNRNPA2B1	2	2	0	2	GO:0014069;GO:0099524
HNRNPD	2	2	0	2	GO:0014069;GO:0045202
HOMER3	2	1	1	2	GO:0014069;GO:0098962
HPCA	2	1	1	2	GO:0098794;GO:0099149
HTR1A	2	1	1	1	GO:0099056;GO:0099171
HTR1D	2	1	1	2	GO:0098992;GO:2000300
HTR4	2	1	1	2	GO:0098794;GO:0150052
HUWE1	2	1	1	1	GO:0098794;GO:0098884
IGF1	2	1	1	1	GO:0099013;GO:0099170
IGSF21	2	1	1	1	GO:0099031;GO:0099550
IGSF8	2	1	1	1	GO:0050804;GO:0099056
IGSF9	2	1	1	1	GO:0090128;GO:0099061
IGSF9B	2	1	1	1	GO:0099560;GO:0099629
INPP4A	2	1	1	1	GO:0014069;GO:0099072
INSYN2A	2	1	1	1	GO:0099565;GO:0099572
IQGAP1	2	1	1	2	GO:0098794;GO:0150052
ITPKA	2	1	1	1	GO:0098871;GO:0098885
KCNA3	2	2	0	1	GO:0099055;GO:0099056
KCNC2	2	1	1	2	GO:0099056;GO:0099508
KCND3	2	1	1	2	GO:0099060;GO:1905030
KCNIP1	2	1	1	2	GO:0060078;GO:0098890
KCNIP2	2	1	1	1	GO:0060078;GO:0098890
KCNJ11	2	1	1	2	GO:0099056;GO:0099508
KCNJ3	2	1	1	2	GO:0099056;GO:0099508
KCNJ8	2	1	1	2	GO:0099059;GO:0099508
KCNJ9	2	1	1	2	GO:0099056;GO:0099505
KCNMA1	2	1	1	1	GO:0099059;GO:0099507
KCNT1	2	1	1	1	GO:0060078;GO:0099061
KIF17	2	1	1	2	GO:0098794;GO:0098971
KIF1B	2	2	0	1	GO:0098793;GO:0098794
KIF21A	2	1	1	1	GO:0008089;GO:0098793
KIF2A	2	0	2	2	GO:0008089;GO:0098935
KIF3B	2	1	1	1	GO:0098794;GO:0098971
KIF5A	2	1	1	2	GO:0098971;GO:0099524
KIF5C	2	1	1	2	GO:0098964;GO:0099524
KIFAP3	2	1	1	1	GO:0098794;GO:0098971
KLHL17	2	1	1	2	GO:0098794;GO:0140252
KPNA1	2	1	1	1	GO:0014069;GO:0099527
LAMB2	2	1	1	2	GO:0043083;GO:0150043
LAMP5	2	1	1	1	GO:0008021;GO:0099171
LATS1	2	1	1	1	GO:0098794;GO:0099151
LGI1	2	1	1	1	GO:0043083;GO:0099645
LHFPL4	2	1	1	1	GO:0099572;GO:0099645
LIMK1	2	1	1	1	GO:0098794;GO:1905274
LIN7C	2	2	0	2	GO:0045202
LNX1	2	1	1	1	GO:0060074;GO:0098794
LRFN1	2	1	1	1	GO:0099061;GO:0099151
LRP1	2	1	1	1	GO:0099061;GO:0099149
LRP4	2	1	1	1	GO:0045202;GO:0150052
LRP8	2	1	1	1	GO:0098962;GO:0099061
LRRTM3	2	1	1	1	GO:0099061;GO:1905606
LSAMP	2	2	0	1	GO:0099025;GO:0099026
LYPD6	2	1	1	1	GO:0050804;GO:0098794
LZTS1	2	1	1	2	GO:0099031;GO:0150052
LZTS3	2	1	1	2	GO:0014069;GO:0150052
MADD	2	1	1	2	GO:0045202;GO:0048490
MAL2	2	2	0	1	GO:0030285
MAP1B	2	1	1	1	GO:0098794;GO:0150052
MAP1LC3A	2	2	0	2	GO:0045202
MAP2K1	2	1	1	2	GO:0014069;GO:0098696
MAPK8IP1	2	1	1	2	GO:0014069;GO:0098962
MARK1	2	1	1	1	GO:0098794;GO:0150052
MARK2	2	1	1	2	GO:0098794;GO:0099175
MINK1	2	1	1	1	GO:0098794;GO:0099175
MTOR	2	1	1	2	GO:0099524;GO:0099547
MYO9A	2	1	1	1	GO:0098794;GO:0099084
NCDN	2	1	1	1	GO:0098794;GO:0099149
NCKIPSD	2	1	1	1	GO:0098794;GO:0150052
NDFIP1	2	1	1	1	GO:0098794;GO:0150052
NECAB2	2	2	0	1	GO:0098793;GO:0098794
NECAP1	2	1	1	2	GO:0098793;GO:0140238
NECTIN1	2	1	1	1	GO:0050807;GO:0099059
NECTIN3	2	1	1	2	GO:0099061;GO:0150052
NEDD4L	2	0	2	1	GO:0099149;GO:0140252
NEDD8	2	1	1	2	GO:0098794;GO:0150052
NEFM	2	2	0	1	GO:0099160;GO:0099182
NEO1	2	1	1	1	GO:0099061;GO:0099550
NEURL1	2	1	1	1	GO:0014069;GO:0150052
NFASC	2	1	1	1	GO:0050808;GO:0099699
NGEF	2	1	1	1	GO:0098794;GO:1905806
NGF	2	2	0	1	GO:0098793;GO:0098794
NGFR	2	1	1	2	GO:0099056;GO:0099171
NINJ1	2	1	1	1	GO:0045202;GO:0099072
NLGN3	2	1	1	1	GO:0098698;GO:0099060
NPY2R	2	1	1	2	GO:0098793;GO:0099538
NPY5R	2	1	1	1	GO:0098793;GO:0099538
NRG2	2	0	2	1	GO:0051963;GO:0090128
NRP1	2	1	1	1	GO:0099055;GO:0099173
NRP2	2	1	1	2	GO:0099055;GO:0099175
NSG1	2	1	1	2	GO:0098845;GO:0098887
NSG2	2	1	1	1	GO:0099061;GO:0099072
NSMF	2	1	1	2	GO:0098794;GO:0099527
NTF4	2	2	0	1	GO:0098793;GO:0098794
NTM	2	2	0	1	GO:0099029;GO:0099031
NTN1	2	1	1	1	GO:0045202;GO:0051963
NXPH1	2	1	1	1	GO:0043083;GO:0050804
NXPH4	2	1	1	1	GO:0045202;GO:0050804
OLFM2	2	1	1	1	GO:0099147;GO:0099645
ORAI1	2	1	1	1	GO:0098794;GO:0150052
P2RX3	2	1	1	2	GO:0050804;GO:0099056
PAFAH1B1	2	0	2	2	GO:0050804;GO:0099175
PALM	2	1	1	1	GO:0098794;GO:0150052
PCDH7	2	1	1	1	GO:0014069;GO:0150052
PDE10A	2	2	0	2	GO:0045202;GO:0099147
PDLIM4	2	1	1	1	GO:0014069;GO:0099072
PDXP	2	1	1	1	GO:0098794;GO:0099159
PGK1	2	1	1	1	GO:0098793;SYNGO:presyn_regulationATPmetabolic
PHACTR1	2	1	1	2	GO:0098794;GO:0099159
PHB2	2	2	0	2	GO:0014069;GO:0048786
PIAS1	2	2	0	1	GO:0099523;GO:0099524
PIAS3	2	2	0	1	GO:0099523;GO:0099524
PIN1	2	1	1	1	GO:0099524;GO:0140252
PLD1	2	1	1	1	GO:0045202;GO:0098693
PLK2	2	1	1	1	GO:0098794;GO:0140252
PLS3	2	0	2	1	GO:0098693;GO:0098699
PODXL	2	1	1	1	GO:0051963;GO:0099056
PPFIBP2	2	1	1	2	GO:0051963;GO:0098793
PPP1CA	2	2	0	1	GO:0098793;GO:0098794
PPP1CC	2	2	0	1	GO:0098793;GO:0098794
PPP2R1A	2	2	0	2	GO:0045202
PPP3CA	2	1	1	2	GO:0045202;GO:0099170
PPP3CB	2	1	1	2	GO:0045202;GO:1900242
PPT1	2	2	0	2	GO:0030672;GO:0099523
PRAF2	2	2	0	1	GO:0098793;GO:0098794
PRKAR2A	2	1	1	2	GO:0045202;GO:0050804
PRKCA	2	1	1	1	GO:0099523;GO:2000300
PRKCB	2	1	1	1	GO:0099523;GO:2000300
PRKCZ	2	1	1	2	GO:0014069;GO:0098696
PRMT8	2	1	1	1	GO:0098794;GO:1905274
PRR7	2	1	1	2	GO:0099092;GO:0099527
PRRT1	2	2	0	2	GO:0099055;GO:0099061
PRSS12	2	2	0	2	GO:0098793
PTPN1	2	1	1	1	GO:0098794;GO:0150052
PTPRA	2	1	1	2	GO:0050804;GO:0099699
PTPRN2	2	2	0	2	GO:0030285;GO:0098793
PTPRO	2	1	1	1	GO:0050807;GO:0099061
PTPRT	2	1	1	1	GO:0050807;GO:0099061
PTPRZ1	2	2	0	2	GO:0045202;GO:0099061
PUM2	2	1	1	2	GO:0098794;GO:0150052
RAB10	2	1	1	2	GO:0098993;GO:0099525
RAB17	2	1	1	1	GO:0098794;GO:0098937
RAB21	2	1	1	2	GO:0008089;GO:0045202
RAB26	2	1	1	2	GO:0098993;GO:0140251
RAB27B	2	1	1	1	GO:0048488;GO:0098993
RAB35	2	1	1	2	GO:0098993;GO:0099532
RAB4A	2	1	1	2	GO:0098968;GO:0098993
RAB5B	2	1	1	2	GO:0098993;GO:0099525
RAB5C	2	1	1	2	GO:0098993;GO:0099525
RABAC1	2	2	0	2	GO:0045202;GO:0098793
RABEP1	2	1	1	2	GO:0099149;GO:0099523
RABGEF1	2	1	1	2	GO:0098830;GO:0098935
RAI14	2	1	1	1	GO:0098794;GO:1905806
RALA	2	1	1	1	GO:0097060;GO:0099149
RAPGEF2	2	1	1	1	GO:0098794;GO:0099159
RAPH1	2	1	1	1	GO:0099054;GO:0099523
RASGRF1	2	1	1	1	GO:0098794;GO:0099170
RASGRF2	2	1	1	1	GO:0098794;GO:0099170
RBMX	2	1	1	1	GO:0014069;GO:0099175
RELA	2	1	1	2	GO:0045202;GO:0099527
RGS4	2	2	0	1	GO:0098793;GO:0099524
RGS9	2	2	0	1	GO:0042734;GO:0098839
RHOB	2	1	1	2	GO:0045202;GO:0099159
RHOG	2	1	1	1	GO:0098794;GO:0150052
RIMS3	2	1	1	2	GO:0050807;GO:0099524
RIMS4	2	1	1	1	GO:0045202;GO:0050807
RMDN3	2	2	0	1	GO:0098793;GO:0098794
RNF10	2	1	1	1	GO:0099147;GO:0099527
RNF138	2	2	0	1	GO:0098793;GO:0098794
RNF220	2	1	1	1	GO:0098794;GO:0099149
ROBO2	2	1	1	1	GO:0060074;GO:0099061
ROCK1	2	1	1	2	GO:0045202;GO:0090128
ROGDI	2	2	0	2	GO:0098793
RPS23P1	2	1	1	1	GO:0098794;GO:0099576
RPS6KA1	2	2	0	2	GO:0014069;GO:0045202
RTN3	2	2	0	2	GO:0045202;GO:0098793
RYK	2	2	0	1	GO:0099059;GO:0099061
RYR1	2	2	0	1	SYNGO:postsyn_er_membrane_integral;SYNGO:presyn_er_membrane_integral
RYR2	2	1	1	2	GO:0099509;SYNGO:presyn_er_membrane_integral
RYR3	2	1	1	2	GO:0099566;SYNGO:postsyn_er_membrane_integral
S1PR2	2	1	1	2	GO:0098793;GO:0150052
SACM1L	2	0	2	2	GO:0098967;GO:0098969
SAMD4A	2	1	1	1	GO:0014069;GO:0150052
SCAMP1	2	2	0	2	GO:0030285
SCG2	2	2	0	2	GO:0098992
SCN11A	2	2	0	1	GO:0099056
SCN1A	2	1	1	2	GO:0099056;GO:0099508
SCN2A	2	1	1	2	GO:0099056;GO:0099508
SCN8A	2	2	0	1	GO:0099059;GO:0099061
SCRN1	2	1	1	1	GO:0098693;GO:0098793
SDCBP	2	1	1	2	GO:0098793;GO:0099054
SEMA3F	2	0	2	2	GO:0099175
SEMA4C	2	1	1	2	GO:0099061;GO:0150052
SEMA4D	2	1	1	1	GO:0051963;GO:0099055
SEMA7A	2	1	1	1	GO:0090128;GO:0098793
SENP5	2	2	0	1	GO:0099523;GO:0099524
SENP6	2	2	0	1	GO:0099523;GO:0099524
SENP7	2	2	0	1	GO:0099523;GO:0099524
SEPTIN5	2	1	1	2	GO:0098793;GO:0099148
SEPTIN9	2	1	1	2	GO:0098793;GO:0098971
SGTA	2	1	1	2	GO:0098850;SYNGO:presyn_chaperoneProteinFolding
SH3GL3	2	2	0	1	GO:0098845;GO:0099092
SH3GLB2	2	1	1	1	GO:0098843;GO:0098884
SH3KBP1	2	2	0	2	GO:0014069;GO:0045202
SHH	2	2	0	1	GO:0098793;GO:0098794
SHISA7	2	1	1	1	GO:0098962;GO:0099060
SHISA9	2	1	1	1	GO:0098962;GO:0099061
SIGMAR1	2	1	1	2	GO:0098794;GO:0150052
SLC10A4	2	1	1	1	GO:0030285;GO:0099162
SLC16A7	2	2	0	1	GO:0099061
SLC17A5	2	1	1	1	GO:0030285;GO:0098700
SLC17A6	2	1	1	2	GO:0030285;GO:0098700
SLC17A7	2	1	1	2	GO:0030672;GO:0098700
SLC1A1	2	1	1	2	GO:0099055;GO:0099170
SLC1A2	2	1	1	2	GO:0098810;GO:0099056
SLC22A2	2	2	0	1	GO:0030285;GO:0099056
SLC24A2	2	2	0	1	GO:0098793;GO:0098794
SLC29A1	2	2	0	1	GO:0098793;GO:0098794
SLC2A4	2	1	1	1	GO:0098694;GO:0098793
SLC30A3	2	1	1	1	GO:0030285;GO:0099180
SLC4A8	2	1	1	1	GO:0099056;GO:2000300
SLC6A17	2	1	1	2	GO:0030285;SYNGO:metabolism
SLC6A8	2	1	1	1	GO:0099055;SYNGO:metabolism
SLC8A1	2	1	1	2	GO:0099055;GO:1905060
SLC8A2	2	1	1	2	GO:0099055;GO:1905060
SLC8A3	2	1	1	2	GO:0099055;GO:1905060
SLIT2	2	1	1	1	GO:0060074;GO:0098966
SNAP23	2	1	1	2	GO:0098794;GO:0098967
SNCA	2	1	1	2	GO:0030672;GO:0048488
SNCB	2	1	1	2	GO:0048488;GO:0099523
SNX1	2	2	0	1	GO:0098999;GO:0099092
SNX14	2	1	1	1	GO:0045202;GO:0099170
SNX17	2	1	1	1	GO:0098845;GO:0099159
SNX6	2	1	1	1	GO:0098842;GO:0099072
SNX9	2	1	1	1	GO:0098793;GO:1900242
SORCS2	2	1	1	1	GO:0014069;GO:0150035
SORCS3	2	1	1	1	GO:0099061;GO:0099170
SPARC	2	1	1	2	GO:0045202;GO:0050807
SPTB	2	1	1	2	GO:0098794;GO:0098885
SRC	2	1	1	2	GO:0098962;GO:0099091
SRGAP2	2	1	1	1	GO:0014069;GO:0051963
SRGAP2C	2	0	2	2	GO:0051963
SRGAP3	2	1	1	2	GO:0098794;GO:0150052
SRPX2	2	1	1	1	GO:0045202;GO:0051963
SST	2	1	1	2	GO:0098992;GO:0099072
STAU2	2	1	1	1	GO:0098794;GO:0098964
STIM1	2	1	1	2	GO:0098794;GO:0099566
STIM2	2	1	1	2	GO:0098794;GO:0099566
STON2	2	1	1	2	GO:0048488;GO:0098793
STRN4	2	1	1	1	GO:0098794;GO:0099159
STX16	2	2	0	2	GO:0030285
SUMO1	2	2	0	1	GO:0099523;GO:0099524
SUMO3	2	2	0	1	GO:0099523;GO:0099524
SUSD4	2	1	1	1	GO:0099055;GO:0099149
SV2A	2	1	1	2	GO:0016082;GO:0030285
SV2C	2	1	1	2	GO:0030285;GO:2000300
SYDE1	2	1	1	1	GO:0007416;GO:0098831
SYDE2	2	1	1	1	GO:0007416;GO:0098831
SYNDIG1	2	1	1	1	GO:0099061;GO:0150052
SYNJ2	2	1	1	1	GO:0048488;GO:0098793
SYNPR	2	1	1	2	GO:0030285;GO:0050804
SYT10	2	1	1	1	GO:0098793;GO:0099525
SYT12	2	1	1	2	GO:0030285;GO:0099171
SYT2	2	1	1	2	GO:0030285;GO:0099502
SYT6	2	1	1	2	GO:0099699;GO:0150038
SYT9	2	1	1	1	GO:0030285;GO:0099502
TAMALIN	2	1	1	2	GO:0014069;GO:0099149
TANC1	2	1	1	1	GO:0099092;GO:0099175
THY1	2	2	0	1	GO:0098793;GO:0098794
TLN2	2	1	1	2	GO:0098793;GO:0099140
TMEM108	2	1	1	1	GO:0098696;GO:0099061
TMEM163	2	1	1	2	GO:0030285;GO:0099180
TMEM230	2	1	1	1	GO:0030285;GO:0098930
TMUB1	2	1	1	1	GO:0098884;GO:0098944
TNC	2	2	0	2	GO:0098965;GO:0098966
TNK2	2	2	0	1	GO:0099523;GO:0099524
TNR	2	1	1	2	GO:0050804;GO:0098966
TOR1A	2	1	1	2	GO:0008021;GO:0150052
TPRG1L	2	1	1	1	GO:0098850;GO:2000300
TRAPPC4	2	2	0	1	GO:0048786;GO:0098839
TRIM3	2	1	1	1	GO:0098794;GO:0140252
TRIM47	2	1	1	1	GO:0098794;GO:0150052
TRIM9	2	2	0	1	GO:0008021;GO:0099523
TRIOBP	2	1	1	1	GO:0098794;GO:1905806
TRPM7	2	1	1	2	GO:0030285;GO:1900242
TRPV1	2	2	0	2	GO:0099055
TSPAN7	2	1	1	1	GO:0098794;GO:0099149
TSPOAP1	2	1	1	2	GO:0098831;GO:0099626
UBE2N	2	1	1	1	GO:0098794;GO:0140252
UBE2V1	2	1	1	1	GO:0014069;GO:0140252
UBE3B	2	1	1	1	GO:0098794;GO:0150052
UCHL1	2	1	1	1	GO:0014069;GO:0150052
UNC13A	2	1	1	2	GO:0016079;GO:0048786
UNC13C	2	1	1	2	GO:0016079;GO:0098793
USP46	2	1	1	1	GO:0045202;GO:0099149
USP6	2	1	1	1	GO:0099092;GO:0099149
USP8	2	1	1	1	GO:0014069;GO:0099576
USP9X	2	1	1	1	GO:0098794;GO:0150052
VAC14	2	1	1	1	GO:0098830;GO:0099149
VAMP7	2	1	1	2	GO:0016079;GO:0030285
VAPA	2	2	0	1	GO:0099056;GO:0099569
VDAC1	2	2	0	2	GO:0048787;GO:0099061
VLDLR	2	1	1	1	GO:0045202;GO:0051963
VPS29	2	1	1	2	GO:0098845;GO:1900242
VPS52	2	2	0	1	GO:0098793;GO:0098794
VWC2	2	1	1	1	GO:0098890;GO:0099645
WASF3	2	1	1	1	GO:0098794;GO:0098885
YWHAE	2	1	1	2	GO:0045202;GO:0099072
YWHAG	2	2	0	2	GO:0045202;GO:0098793
ZDHHC17	2	1	1	2	GO:0098987;GO:0150051
ZDHHC2	2	1	1	1	GO:0014069;GO:0150054
ZDHHC8	2	1	1	2	GO:0098794;GO:0150052
ZNF804A	2	1	1	1	GO:0098794;GO:0099159
ABHD17C	1	0	1	1	GO:0099175
ABLIM1	1	1	0	1	GO:0014069
ABLIM3	1	1	0	1	GO:0045202
ACAN	1	1	0	1	GO:0098966
ACP4	1	1	0	1	GO:0099699
ACTBL2	1	1	0	1	GO:0045202
ADAM23	1	1	0	1	GO:0099056
ADAMTS4	1	1	0	1	GO:0045202
ADCYAP1	1	1	0	1	GO:0099013
ADGRA1	1	1	0	1	GO:0014069
ADGRB2	1	1	0	1	GO:0045202
ADGRL1	1	1	0	1	GO:0099056
AGAP2	1	1	0	1	GO:0098794
AKAP1	1	1	0	1	GO:0099091
AKAP12	1	0	1	1	GO:0050804
AKAP7	1	0	1	1	GO:0050804
AKR1A1	1	1	0	1	GO:0045202
AKT1	1	0	1	1	GO:0099175
ALDOC	1	1	0	1	GO:0099524
ANO1	1	1	0	1	GO:0099056
ANO2	1	1	0	1	GO:0099056
ANXA1	1	1	0	1	GO:0097060
ANXA5	1	1	0	1	GO:0030672
AP1B1	1	1	0	1	GO:0008021
AP1G2	1	1	0	1	GO:0045202
AP1M1	1	1	0	1	GO:0045202
AP1S1	1	1	0	1	GO:0098793
AP1S2	1	0	1	1	GO:0016182
AP3S1	1	1	0	1	GO:0008021
AP3S2	1	1	0	1	GO:0008021
APC2	1	1	0	1	GO:0098794
APH1A	1	1	0	1	GO:0099056
APLP2	1	1	0	1	GO:0097444
APOA4	1	1	0	1	GO:0045202
ARFGAP1	1	1	0	1	GO:0045202
ARHGAP22	1	0	1	1	GO:0099175
ARHGAP32	1	1	0	1	GO:0014069
ARPC5L	1	1	0	1	GO:0045202
ARRB1	1	1	0	1	GO:0014069
ASAP1	1	0	1	1	GO:0099175
ATG7	1	0	1	1	GO:0099504
ATM	1	1	0	1	GO:0098850
ATP2B4	1	1	0	1	GO:0099059
AURKA	1	1	0	1	GO:0014069
AVP	1	1	0	1	GO:0098992
AXIN1	1	1	0	1	GO:0045202
BAALC	1	1	0	1	GO:0098794
BAIAP3	1	0	1	1	GO:0050804
BCAS1	1	1	0	1	GO:0045202
BCL11A	1	1	0	1	GO:0098794
BLOC1S1	1	0	1	1	GO:0098693
BLOC1S6	1	0	1	1	GO:0098693
BLTP1	1	0	1	1	GO:1900242
BRINP1	1	1	0	1	GO:0045202
BRINP2	1	1	0	1	GO:0098793
BRK1	1	1	0	1	GO:0098794
BRSK2	1	1	0	1	GO:0098793
BTBD9	1	0	1	1	GO:0050804
C1QBP	1	1	0	1	GO:0048786
CACNB2	1	0	1	1	GO:0099626
CACNB3	1	1	0	1	GO:0099056
CALCA	1	1	0	1	GO:0098992
CALD1	1	1	0	1	GO:0098794
CALR	1	1	0	1	SYNGO:postsyn_er
CAMK2D	1	1	0	1	GO:0099524
CAPZB	1	1	0	1	GO:0014069
CBLN3	1	1	0	1	GO:0043083
CDH13	1	1	0	1	GO:0045202
CDH23	1	1	0	1	GO:0045202
CDK16	1	1	0	1	GO:0030672
CDK5R2	1	1	0	1	GO:0098793
CHD4	1	0	1	1	GO:0051963
CHRNA2	1	1	0	1	GO:0045202
CHRNB3	1	0	1	1	GO:0099171
CHRNG	1	0	1	1	GO:1904315
CLASP2	1	0	1	1	GO:0099187
CLCN2	1	1	0	1	GO:0099055
CLPTM1	1	0	1	1	GO:0099072
CLSTN2	1	1	0	1	GO:0099061
CLU	1	1	0	1	GO:0045202
CNIH3	1	0	1	1	GO:0099645
CNN3	1	1	0	1	GO:0098794
CNNM2	1	1	0	1	GO:0045202
CNTN2	1	1	0	1	GO:0099025
COL17A1	1	1	0	1	GO:0045202
COLQ	1	1	0	1	GO:0043083
COMMD1	1	1	0	1	GO:0098845
COPS5	1	1	0	1	GO:0045202
CORO1A	1	1	0	1	GO:0045202
CORO1B	1	1	0	1	GO:0045202
CPEB4	1	1	0	1	GO:0098794
CPNE4	1	1	0	1	GO:0045202
CPNE6	1	0	1	1	GO:0098974
CPNE7	1	1	0	1	GO:0045202
CPSF2	1	1	0	1	GO:0098794
CRELD1	1	1	0	1	GO:0045202
CRH	1	1	0	1	GO:0099013
CRHR1	1	1	0	1	GO:0099061
CRK	1	0	1	1	GO:0098698
CUL3	1	0	1	1	GO:0140252
DAO	1	1	0	1	GO:0098793
DAPK1	1	1	0	1	GO:0014069
DDX3X	1	1	0	1	GO:0014069
DGCR8	1	1	0	1	GO:0014069
DGKE	1	0	1	1	GO:0050804
DIAPH1	1	0	1	1	GO:0048488
DICER1	1	1	0	1	GO:0099092
DMTN	1	1	0	1	GO:0045202
DNMBP	1	1	0	1	GO:0008021
DOCK7	1	0	1	1	GO:0098698
DPYSL3	1	1	0	1	GO:0045202
DPYSL5	1	1	0	1	GO:0045202
DROSHA	1	1	0	1	GO:0014069
DRP2	1	1	0	1	GO:0014069
DTNB	1	1	0	1	GO:0098794
DVL2	1	1	0	1	GO:0098793
DVL3	1	1	0	1	GO:0045202
EEF1D	1	1	0	1	GO:0045202
EFNA5	1	0	1	1	GO:0099560
EFR3A	1	0	1	1	GO:0016082
EGFR	1	1	0	1	GO:0099699
EIF3L	1	1	0	1	GO:0045202
EIF4A3	1	0	1	1	GO:0099578
EIF4B	1	1	0	1	GO:0098794
EIF4EBP2	1	1	0	1	GO:0098794
EIF4G3	1	1	0	1	GO:0045202
EIF5	1	1	0	1	GO:0045202
EIF5B	1	1	0	1	GO:0045202
EIF6	1	1	0	1	GO:0045202
ELAVL1	1	1	0	1	GO:0098794
ELAVL4	1	0	1	1	GO:0140245
ELMOD1	1	1	0	1	GO:0045202
ENO1	1	1	0	1	GO:0042734
ENO2	1	1	0	1	GO:0042734
EPHB1	1	0	1	1	GO:0050804
EPN2	1	1	0	1	GO:0098843
EVI5	1	0	1	1	GO:0099161
EVI5L	1	0	1	1	GO:0099161
EXOC3	1	1	0	1	GO:0042734
EZR	1	0	1	1	GO:0098974
FAIM2	1	1	0	1	GO:0099061
FAM171B	1	1	0	1	GO:0045202
FCHO1	1	1	0	1	GO:0098843
FEZ1	1	0	1	1	GO:0099641
FGA	1	1	0	1	GO:0045202
FGB	1	1	0	1	GO:0045202
FGFR2	1	1	0	1	GO:0045202
FGG	1	1	0	1	GO:0045202
FKBP1A	1	1	0	1	GO:0045202
FMNL2	1	1	0	1	GO:0098794
FRMPD2	1	1	0	1	GO:0014069
FUBP1	1	1	0	1	GO:0045202
FXR1	1	1	0	1	GO:0098794
FXR2	1	1	0	1	GO:0098794
FZD1	1	0	1	1	GO:1905606
FZD3	1	1	0	1	GO:0099059
FZD4	1	1	0	1	GO:0045202
FZD8	1	1	0	1	GO:0098992
GABRR2	1	0	1	1	GO:1904315
GABRR3	1	1	0	1	GO:0099055
GDI1	1	1	0	1	GO:0099523
GDI2	1	1	0	1	GO:0045202
GLRA4	1	1	0	1	GO:0099060
GNA11	1	1	0	1	GO:0098793
GNAQ	1	1	0	1	GO:0098793
GNAZ	1	1	0	1	GO:0045202
GNB1	1	1	0	1	GO:0045202
GNB4	1	1	0	1	GO:0045202
GNG12	1	1	0	1	GO:0045202
GNG13	1	1	0	1	GO:0045202
GNG2	1	1	0	1	GO:0045202
GNG3	1	1	0	1	GO:0045202
GNG4	1	1	0	1	GO:0045202
GPC1	1	1	0	1	GO:0045202
GPR158	1	1	0	1	GO:0099061
GPR50	1	1	0	1	GO:0014069
GRB2	1	1	0	1	GO:0098793
GRP	1	1	0	1	GO:0098992
GUCY1A1	1	0	1	1	GO:0098925
HABP4	1	1	0	1	GO:0045202
HAPLN1	1	1	0	1	GO:0045202
HAPLN4	1	1	0	1	GO:0098966
HCRT	1	1	0	1	GO:0099013
HNRNPA0	1	1	0	1	GO:0045202
HNRNPA1	1	1	0	1	GO:0045202
HNRNPDL	1	1	0	1	GO:0045202
HNRNPF	1	1	0	1	GO:0045202
HNRNPH1	1	1	0	1	GO:0014069
HNRNPH2	1	1	0	1	GO:0014069
HNRNPL	1	1	0	1	GO:0045202
HNRNPLL	1	1	0	1	GO:0045202
HNRNPU	1	0	1	1	GO:0098963
HNRNPUL1	1	1	0	1	GO:0045202
HNRNPUL2	1	1	0	1	GO:0045202
HOMER2	1	1	0	1	GO:0014069
HRAS	1	0	1	1	GO:0098696
HSP90AA1	1	0	1	1	GO:0099072
HTR5A	1	1	0	1	GO:0099060
IGF1R	1	0	1	1	GO:0099170
IL13	1	1	0	1	GO:0098793
IL13RA1	1	1	0	1	GO:0099061
IL1RAPL2	1	0	1	1	GO:1905606
IMPA1	1	1	0	1	GO:0098794
ITGA2	1	1	0	1	GO:0098793
ITGA5	1	1	0	1	GO:0099055
ITGA8	1	1	0	1	GO:0099061
ITGB4	1	1	0	1	GO:0099055
ITGB5	1	1	0	1	GO:0099699
ITPR3	1	1	0	1	SYNGO:presyn_er_membrane_integral
KCNAB2	1	1	0	1	GO:0099061
KCNB1	1	1	0	1	GO:0099060
KCNIP4	1	1	0	1	GO:0098890
KCNJ2	1	1	0	1	GO:0099055
KCNJ4	1	1	0	1	GO:0099055
KCNK1	1	0	1	1	GO:1905030
KCNK2	1	0	1	1	GO:0099565
KCNMB4	1	0	1	1	GO:0099508
KCNQ2	1	1	0	1	GO:0099055
KCNQ3	1	1	0	1	GO:0099055
KIDINS220	1	1	0	1	GO:0098794
KPTN	1	1	0	1	GO:0098871
LAMA2	1	1	0	1	GO:0043083
LAMA4	1	1	0	1	GO:0043083
LAMC1	1	1	0	1	GO:0043083
LASP1	1	1	0	1	GO:0098794
LCK	1	1	0	1	GO:0099091
LIN7A	1	1	0	1	GO:0045202
LIN7B	1	1	0	1	GO:0099092
LINGO1	1	1	0	1	GO:0098793
LINGO2	1	1	0	1	GO:0099699
LMAN1	1	1	0	1	GO:0150051
LPAR2	1	1	0	1	GO:0099059
LRRC7	1	1	0	1	GO:0099061
LYN	1	1	0	1	GO:0099091
MAGI1	1	1	0	1	GO:0098793
MAGI3	1	1	0	1	GO:0045202
MAP1LC3B	1	1	0	1	GO:0098793
MAP2	1	1	0	1	GO:0098794
MAPK1	1	1	0	1	GO:0014069
MAPK14	1	0	1	1	GO:0099179
MAPK3	1	0	1	1	GO:0050804
MAPK8	1	0	1	1	GO:0050804
MAPK9	1	0	1	1	GO:0050804
MCTP1	1	0	1	1	GO:0016079
MCTP2	1	0	1	1	GO:0016079
MECP2	1	0	1	1	GO:0050807
METTL5	1	1	0	1	GO:0098793
MIB1	1	1	0	1	GO:0014069
MLF2	1	1	0	1	GO:0045202
MOB4	1	1	0	1	GO:0098794
MPDZ	1	1	0	1	GO:0014069
MPP1	1	1	0	1	GO:0098794
MYO9B	1	1	0	1	GO:0098871
NACC1	1	1	0	1	GO:0098794
NAE1	1	0	1	1	GO:0150052
NAPG	1	1	0	1	GO:0045202
NCAM2	1	1	0	1	GO:0099699
NCSTN	1	1	0	1	GO:0099056
NDUFS7	1	1	0	1	GO:0045202
NEGR1	1	1	0	1	GO:0014069
NLGN4Y	1	1	0	1	GO:0099060
NOTCH2	1	1	0	1	GO:0099061
NPFF	1	1	0	1	GO:0098992
NPPA	1	0	1	1	GO:0099538
NR1D1	1	1	0	1	GO:0098794
NR3C1	1	1	0	1	GO:0099092
NUDT3	1	1	0	1	GO:0045202
NUFIP1	1	1	0	1	GO:0045202
NUMBL	1	0	1	1	GO:0150052
NWD2	1	1	0	1	GO:0045202
OPCML	1	1	0	1	GO:0014069
ORAI2	1	1	0	1	GO:0098794
OXT	1	1	0	1	GO:0098992
P2RX4	1	1	0	1	GO:0099061
P2RX6	1	1	0	1	GO:0099060
P2RX7	1	0	1	1	GO:0099161
PACSIN2	1	0	1	1	GO:0050804
PAK5	1	1	0	1	GO:0045202
PAK6	1	1	0	1	GO:0014069
PALMD	1	1	0	1	GO:0098794
PARN	1	1	0	1	GO:0098794
PCBP1	1	1	0	1	GO:0014069
PCBP2	1	1	0	1	GO:0014069
PCDH10	1	1	0	1	GO:0099055
PCDH15	1	1	0	1	GO:0098794
PCDH9	1	1	0	1	GO:0099699
PDE4A	1	0	1	1	GO:0050804
PEBP1	1	1	0	1	GO:0042734
PGRMC2	1	1	0	1	GO:0045202
PHF24	1	1	0	1	GO:0030672
PI4K2A	1	1	0	1	GO:0048786
PJA2	1	1	0	1	GO:0014069
PLCB2	1	1	0	1	GO:0098992
PLCB3	1	1	0	1	GO:0099524
PLCG1	1	0	1	1	GO:0050804
PLCXD3	1	1	0	1	GO:0045202
PLEKHA5	1	1	0	1	GO:0014069
PLEKHG5	1	0	1	1	GO:0140251
PLG	1	0	1	1	GO:0099183
PLXNA1	1	1	0	1	GO:0045202
PLXNA4	1	0	1	1	GO:0099558
PLXNB1	1	1	0	1	GO:0099055
PLXNC1	1	0	1	1	GO:1905806
PLXND1	1	0	1	1	GO:0008039
PNKD	1	1	0	1	GO:0099523
PORCN	1	0	1	1	GO:0099072
PPA2	1	1	0	1	GO:0045202
PPM1H	1	1	0	1	GO:0045202
PPP1R1B	1	1	0	1	GO:0098794
PPP2CA	1	1	0	1	GO:0045202
PPP2R1B	1	1	0	1	GO:0045202
PPP2R2A	1	1	0	1	GO:0045202
PRIMA1	1	1	0	1	GO:0098794
PRKAR1A	1	1	0	1	GO:0045202
PRKCD	1	1	0	1	GO:0099524
PRKCI	1	0	1	1	GO:0099072
PRNP	1	1	0	1	GO:0098793
PRUNE2	1	1	0	1	GO:0098793
PSD2	1	1	0	1	GO:0098794
PSD3	1	1	0	1	GO:0098794
PSENEN	1	1	0	1	GO:0099056
PTCH1	1	1	0	1	GO:0099055
PTCHD1	1	1	0	1	GO:0099055
PTEN	1	1	0	1	GO:0099524
PTPN23	1	0	1	1	GO:0099161
PTPRN	1	1	0	1	GO:0099066
PURG	1	1	0	1	GO:0045202
QKI	1	1	0	1	GO:0045202
RAB11FIP3	1	1	0	1	GO:0098944
RAB11FIP5	1	0	1	1	GO:0098884
RAB14	1	1	0	1	GO:0098993
RAB18	1	1	0	1	GO:0045202
RAB1A	1	1	0	1	GO:0098793
RAB1B	1	1	0	1	GO:0045202
RAB2A	1	1	0	1	GO:0098993
RAB33B	1	1	0	1	GO:0098793
RAB3C	1	1	0	1	GO:0098993
RAB4B	1	1	0	1	GO:0098993
RAB6A	1	1	0	1	GO:0098793
RAB6B	1	1	0	1	GO:0098793
RAB8B	1	1	0	1	GO:0098793
RACK1	1	1	0	1	GO:0098794
RALBP1	1	0	1	1	GO:0099072
RAMP1	1	1	0	1	GO:0099699
RANBP6	1	1	0	1	GO:0045202
RAP1A	1	0	1	1	GO:0098696
RAP1B	1	0	1	1	GO:0099010
RDX	1	0	1	1	GO:0150054
RELB	1	1	0	1	GO:0045202
RGS12	1	1	0	1	GO:0098794
RGS17	1	1	0	1	GO:0098794
RNF19A	1	0	1	1	GO:0099576
RPS6KA4	1	1	0	1	GO:0045202
RPS6KA5	1	0	1	1	GO:0099175
RPS6KA6	1	1	0	1	GO:0045202
RPS6KC1	1	1	0	1	GO:0014069
RTN1	1	1	0	1	SYNGO:postsyn_er
S1PR1	1	1	0	1	GO:0098793
S1PR3	1	1	0	1	GO:0098793
S1PR4	1	1	0	1	GO:0098793
S1PR5	1	1	0	1	GO:0098793
SEC22B	1	1	0	1	GO:0008021
SEMA4B	1	1	0	1	GO:0099061
SEMA4F	1	1	0	1	GO:0099061
SEPTIN2	1	1	0	1	GO:0098793
SEPTIN4	1	1	0	1	GO:0098793
SEPTIN6	1	1	0	1	GO:0098793
SEPTIN8	1	1	0	1	GO:0098793
SEZ6L	1	1	0	1	GO:0099055
SFPQ	1	0	1	1	GO:0098963
SH2D5	1	1	0	1	GO:0098794
SHARPIN	1	1	0	1	GO:0014069
SIPA1L3	1	1	0	1	GO:0099091
SIRT2	1	0	1	1	GO:0099149
SKP1	1	0	1	1	GO:1905806
SLC16A1	1	1	0	1	GO:0045202
SLC18A1	1	1	0	1	GO:0045202
SLC2A3	1	1	0	1	GO:0099699
SLC30A1	1	1	0	1	GO:0099061
SLC3A2	1	1	0	1	GO:0045202
SLITRK4	1	0	1	1	GO:0050807
SMCR8	1	1	0	1	GO:0098794
SMO	1	1	0	1	GO:0098794
SNPH	1	1	0	1	GO:0042734
SNX16	1	1	0	1	GO:0098830
SNX4	1	1	0	1	GO:0098830
SORT1	1	0	1	1	GO:0099558
SOS1	1	1	0	1	GO:0014069
SPHK1	1	1	0	1	GO:0098793
SPOCK1	1	1	0	1	GO:0014069
SPTAN1	1	1	0	1	GO:0098794
SPTBN1	1	1	0	1	GO:0098794
SQSTM1	1	1	0	1	GO:0045202
SRGAP2B	1	0	1	1	GO:0051963
SRPK2	1	1	0	1	GO:0098793
STK38	1	0	1	1	GO:0099173
STK38L	1	0	1	1	GO:0099173
STRN3	1	1	0	1	GO:0098794
STX2	1	1	0	1	GO:0045202
SVOP	1	1	0	1	GO:0030285
SWAP70	1	1	0	1	GO:0098794
SYAP1	1	1	0	1	GO:0098793
SYNCRIP	1	1	0	1	GO:0014069
SYPL1	1	1	0	1	GO:0030285
SYT5	1	1	0	1	GO:0099066
TAC1	1	1	0	1	GO:0098992
TACC3	1	1	0	1	GO:0014069
TACR1	1	1	0	1	GO:0099055
TAFA4	1	1	0	1	GO:0030672
TAGLN3	1	1	0	1	GO:0045202
TBC1D2	1	0	1	1	GO:0099161
TBC1D2B	1	0	1	1	GO:0099161
TDRD1	1	1	0	1	GO:0045202
TDRD5	1	1	0	1	GO:0045202
TDRD6	1	1	0	1	GO:0045202
TERF2	1	0	1	1	GO:0099088
TGOLN2	1	1	0	1	GO:0150051
TH	1	1	0	1	GO:0099523
TMEM240	1	1	0	1	GO:0099061
TMEM30A	1	1	0	1	GO:0045202
TPD52	1	1	0	1	GO:0045202
TPPP	1	1	0	1	GO:0008021
TRPC5	1	1	0	1	GO:0098793
TSC1	1	1	0	1	GO:0014069
TTYH1	1	1	0	1	GO:0045202
TUBA1A	1	0	1	1	GO:0050807
TUBB	1	0	1	1	GO:0050807
TUBB2B	1	0	1	1	GO:0050804
TUFM	1	1	0	1	GO:0045202
USP14	1	1	0	1	GO:0099523
USP5	1	0	1	1	GO:0140251
VAMP3	1	1	0	1	GO:0030285
VANGL1	1	1	0	1	GO:0099061
VASP	1	1	0	1	GO:0098794
VCAN	1	1	0	1	GO:0045202
VCPIP1	1	1	0	1	GO:0045202
VPS11	1	1	0	1	GO:0048786
VPS16	1	1	0	1	GO:0098793
VPS26A	1	1	0	1	GO:0098845
VPS26C	1	1	0	1	GO:0098845
VPS33B	1	1	0	1	GO:0008021
VPS35L	1	1	0	1	GO:0098845
VPS45	1	1	0	1	GO:0008021
VTI1B	1	1	0	1	GO:0099067
WDFY3	1	1	0	1	GO:0098793
WDR1	1	1	0	1	GO:0045202
WDR7	1	1	0	1	GO:0008021
WFS1	1	1	0	1	GO:0030285
WIPF3	1	1	0	1	GO:0045202
WNK1	1	0	1	1	GO:0050804
WWC1	1	1	0	1	GO:0099092
YBX1	1	1	0	1	GO:0045202
YBX3	1	1	0	1	GO:0045202
YES1	1	1	0	1	GO:0099091
YKT6	1	1	0	1	GO:0098793
YWHAQ	1	1	0	1	GO:0045202
