program,program_label,nominee_rank,gene,model_score,celltype_id,IDH_status,passes_three_table_rule,deg_log2fc,deg_neglog10_padj,cc_edges,ctx_min_n,top_model_reasons,in_tumor_synaptic,in_immune_synapse,in_published_33,housekeeping,selection_mode
tumor_synaptic,Tumor synaptic (SynGO),1,NCL,0.9346237606174392,OPC_GABA_like_tumor,IDH_Mutant,1,0.5853743688956974,75.52939428058913,18.0,1658,deg_pct_e1=0.706 (+0.59); deg_pct_e2=0.834 (+0.39); cc_edges_total=70 (+0.30),0,0,0,0,high_score_only
tumor_synaptic,Tumor synaptic (SynGO),2,ZBTB20,0.9288959608452334,OPC_GABA_like_tumor,IDH_Mutant,0,0.3067989455733548,38.73400971788234,0.0,1658,deg_pct_e1=0.898 (+1.42); deg_pct_e2=0.965 (+1.00); deg_n_celltypes_sig=5 (+0.12),0,0,0,0,high_score_only
tumor_synaptic,Tumor synaptic (SynGO),3,C1orf61,0.9126838676057624,OPC_GABA_like_tumor,IDH_Mutant,0,-1.5791110675436149,299.7716037003357,0.0,1658,deg_pct_e1=0.924 (+1.31); deg_pct_e2=0.945 (+0.99); deg_n_celltypes_sig=3 (+0.12),0,0,0,0,high_score_only
tumor_synaptic,Tumor synaptic (SynGO),4,KLRC2,0.9090183702194996,OPC_GABA_like_tumor,IDH_Mutant,1,1.8705339182188103,170.01044008276833,6.0,1658,deg_pooled_log2fc=3.44 (+0.42); cc_edges=6 (+0.37); cc_edges_total=6 (+0.35),0,0,0,0,high_score_only
tumor_synaptic,Tumor synaptic (SynGO),5,CHCHD2,0.9082305309485812,OPC_GABA_like_tumor,IDH_WT,0,-0.4016366112507477,29.101737150299492,0.0,1935,deg_pct_e1=0.883 (+1.04); deg_pct_e2=0.959 (+0.96); deg_n_celltypes_sig=3 (+0.11),0,0,0,0,high_score_only
tumor_synaptic,Tumor synaptic (SynGO),6,DBI,0.9070176259119652,cycling_tumor,IDH_WT,0,0.3495559348365518,12.422387335353775,0.0,663,deg_pct_e1=0.935 (+1.42); deg_pct_e2=0.995 (+0.97); deg_pct_diff=0.06 (+0.07),0,0,0,0,high_score_only
tumor_synaptic,Tumor synaptic (SynGO),7,TMSB4X,0.901406193409758,OPC_GABA_like_tumor,IDH_WT,0,-1.6689121875688837,300.0,0.0,1935,deg_pct_e1=0.993 (+1.18); deg_pct_e2=0.978 (+0.99); deg_n_celltypes_sig=4 (+0.13),0,0,0,0,high_score_only
tumor_synaptic,Tumor synaptic (SynGO),8,SRI,0.8942515352365514,OPC_GABA_like_tumor,IDH_Mutant,0,1.1333698129113094,300.0,0.0,1658,deg_pct_e1=0.88 (+1.14); deg_pct_e2=0.97 (+0.98); deg_n_celltypes_sig=4 (+0.13),0,0,0,0,high_score_only
tumor_synaptic,Tumor synaptic (SynGO),9,BSG,0.8903443244013607,OPC_GABA_AC_like_tumor,IDH_WT,1,1.3234847186944911,14.531889683304207,11.0,171,cc_edges_total=56 (+0.47); cc_edges=11 (+0.27); cc_edges_e2=11 (+0.27),0,0,0,0,high_score_only
tumor_synaptic,Tumor synaptic (SynGO),10,TMSB10,0.8899050779855159,cycling_tumor,IDH_WT,0,-0.9835874935055058,30.490608447817657,0.0,663,deg_pct_e2=0.986 (+0.92); deg_pct_e1=0.853 (+0.82); deg_n_celltypes_sig=4 (+0.13),0,0,0,0,high_score_only
tumor_synaptic,Tumor synaptic (SynGO),11,HMGB1,0.8867511666924857,cycling_tumor,IDH_Mutant,0,0.6450125971744489,8.682314022784483,0.0,136,deg_pct_e1=0.941 (+1.39); deg_pct_e2=1 (+0.95); deg_pct_diff=0.059 (+0.07),0,0,0,0,high_score_only
tumor_synaptic,Tumor synaptic (SynGO),12,HINT1,0.8862750818885644,cycling_tumor,IDH_WT,0,-0.5660934806228317,12.63787214208223,0.0,663,deg_pct_e2=0.98 (+0.92); deg_pct_e1=0.826 (+0.82); deg_n_celltypes_sig=3 (+0.11),0,0,0,0,high_score_only
tumor_synaptic,Tumor synaptic (SynGO),13,MYL6,0.8844526898421494,cycling_tumor,IDH_WT,0,-0.4919542354377779,6.08812457281791,0.0,663,deg_pct_e2=0.965 (+0.94); deg_pct_e1=0.835 (+0.83); deg_n_celltypes_sig=3 (+0.11),0,0,0,0,high_score_only
tumor_synaptic,Tumor synaptic (SynGO),14,PFDN5,0.8829264301399494,cycling_tumor,IDH_WT,0,-0.6744697297181945,22.956294538884457,0.0,663,deg_pct_e1=0.807 (+0.80); deg_pct_e2=0.94 (+0.78); deg_n_celltypes_sig=3 (+0.11),0,0,0,0,high_score_only
tumor_synaptic,Tumor synaptic (SynGO),15,ITM2B,0.8826580970435879,OPC_GABA_like_tumor,IDH_Mutant,0,-1.1228177764629188,299.7534078945005,0.0,1658,deg_pct_e1=0.945 (+1.27); deg_pct_e2=0.905 (+0.54); deg_n_celltypes_sig=4 (+0.13),0,0,0,0,high_score_only
tumor_synaptic,Tumor synaptic (SynGO),16,ITGAV,0.8789353451612874,OPC_GABA_like_tumor,IDH_Mutant,1,-0.9361237616918576,54.22678460579605,14.0,1658,cc_edges_total=39 (+0.62); cc_edges_e2=13 (+0.29); cc_edges=14 (+0.27),0,0,0,0,high_score_only
tumor_synaptic,Tumor synaptic (SynGO),17,B2M,0.8744048217561747,cycling_tumor,IDH_WT,0,-1.702446772198738,127.64986720409787,0.0,663,deg_pct_e1=0.946 (+1.05); deg_pct_e2=0.982 (+0.95); deg_n_celltypes_sig=4 (+0.14),0,0,0,0,high_score_only
tumor_synaptic,Tumor synaptic (SynGO),18,TSC22D1,0.8701021966794172,OPC_GABA_like_tumor,IDH_Mutant,0,0.2930341624191892,43.45815881574777,0.0,1658,deg_pct_e1=0.88 (+1.03); deg_pct_e2=0.942 (+0.94); deg_pct_diff=0.062 (+0.07),0,0,0,0,high_score_only
tumor_synaptic,Tumor synaptic (SynGO),19,COL9A1,0.8700693043640187,cycling_tumor,IDH_WT,1,4.55887403212976,300.0,5.0,663,cc_edges_total=5 (+0.44); deg_pooled_log2fc=4.42 (+0.38); deg_log2fc=4.56 (+0.37),0,0,0,0,high_score_only
tumor_synaptic,Tumor synaptic (SynGO),20,JAM3,0.8698247990038827,cycling_tumor,IDH_WT,1,2.630915976788741,204.82074201969837,3.0,663,deg_pooled_log2fc=2.4 (+0.46); cc_edges=3 (+0.38); deg_log2fc=2.63 (+0.32),0,0,0,0,high_score_only
tumor_synaptic,Tumor synaptic (SynGO),21,CD63,0.8639112525953108,cycling_tumor,IDH_WT,0,-0.552609781068238,12.801935533868512,0.0,663,deg_pct_e2=0.952 (+0.89); deg_pct_e1=0.806 (+0.78); deg_n_celltypes_sig=4 (+0.13),0,0,0,0,high_score_only
tumor_synaptic,Tumor synaptic (SynGO),22,HSP90AB1,0.860394506523613,OPC_GABA_like_tumor,IDH_WT,0,0.3174570210917906,54.88400995073295,0.0,1935,deg_pct_e1=0.874 (+1.05); deg_pct_e2=0.982 (+0.95); deg_n_celltypes_sig=3 (+0.11),0,0,0,0,high_score_only
tumor_synaptic,Tumor synaptic (SynGO),23,SLC1A3,0.8599597647467336,cycling_tumor,IDH_WT,1,-0.340864629736845,7.475719378462074,13.0,663,cc_edges_total=26 (+0.74); cc_edges=13 (+0.29); cc_edges_e2=13 (+0.28),0,0,0,0,high_score_only
tumor_synaptic,Tumor synaptic (SynGO),24,GPM6B,0.8598692769701082,OPC_GABA_like_tumor,IDH_Mutant,0,-1.549230688331253,300.0,0.0,1658,deg_pct_e1=0.904 (+1.31); deg_pct_e2=0.908 (+0.53); deg_n_celltypes_sig=4 (+0.13),0,0,0,0,high_score_only
tumor_synaptic,Tumor synaptic (SynGO),25,UBC,0.8596055522031287,OPC_GABA_like_tumor,IDH_Mutant,0,-0.5968753493337058,72.43831004062658,0.0,1658,deg_pct_e1=0.907 (+1.41); deg_pct_e2=0.886 (+0.54); deg_pct_diff=-0.021 (+0.08),0,0,0,0,high_score_only
immune_synapse,Immune synapse (GO:0001772),1,HLA-DPB1,0.96034833863535,cycling_tumor,IDH_Mutant,1,-4.349260628345878,14.827909673894156,2.0,136,deg_pooled_log2fc=-4.74 (+0.93); deg_pct_diff=-0.445 (+0.78); cc_n_celltypes_total=5 (+0.52),0,0,0,0,high_score_only
immune_synapse,Immune synapse (GO:0001772),2,HLA-DPA1,0.9222470124544134,cycling_tumor,IDH_WT,1,-6.148412632684496,104.62802093879924,2.0,663,deg_pooled_log2fc=-6.1 (+0.93); deg_pct_diff=-0.457 (+0.77); cc_n_celltypes_total=5 (+0.52),0,0,0,0,high_score_only
immune_synapse,Immune synapse (GO:0001772),3,HLA-DMB,0.9039985257125264,cycling_tumor,IDH_Mutant,0,-5.173753514312838,2.713921114491697,0.0,136,deg_pooled_log2fc=-6.13 (+0.93); deg_pct_diff=-0.204 (+0.64); deg_log2fc=-5.17 (+0.44),0,0,0,0,high_score_only
immune_synapse,Immune synapse (GO:0001772),4,HLA-E,0.9039817632137456,cycling_tumor,IDH_Mutant,1,-5.300401047119455,18.74604355532581,1.0,136,deg_pooled_log2fc=-3.14 (+0.84); deg_pct_diff=-0.512 (+0.71); deg_log2fc=-5.3 (+0.44),0,0,0,0,high_score_only
immune_synapse,Immune synapse (GO:0001772),5,HLA-DMA,0.901540266248869,cycling_tumor,IDH_Mutant,1,-5.393978081590536,11.33642968877675,2.0,136,deg_pooled_log2fc=-5.24 (+0.93); deg_pct_diff=-0.39 (+0.72); deg_log2fc=-5.39 (+0.45),0,0,0,0,high_score_only
immune_synapse,Immune synapse (GO:0001772),6,CLEC2B,0.8736343643274911,cycling_tumor,IDH_Mutant,0,-7.542738597519156,3.0280366247551256,0.0,136,deg_pooled_log2fc=-7.75 (+0.91); deg_pct_diff=-0.196 (+0.63); deg_log2fc=-7.54 (+0.44),0,0,0,0,high_score_only
immune_synapse,Immune synapse (GO:0001772),7,SLC4A4,0.8724319409918223,OPC_GABA_AC_like_tumor,IDH_WT,0,-8.237001133442927,4.306563393971098,0.0,171,deg_pooled_log2fc=-4.25 (+0.90); deg_pct_diff=-0.177 (+0.61); deg_log2fc=-8.24 (+0.44),0,0,0,0,high_score_only
immune_synapse,Immune synapse (GO:0001772),8,ITGB2,0.870734606627875,cycling_tumor,IDH_Mutant,0,-5.376244031262254,11.710319236366402,0.0,136,deg_pooled_log2fc=-5.02 (+0.93); deg_pct_diff=-0.4 (+0.73); deg_log2fc=-5.38 (+0.45),0,0,0,0,high_score_only
immune_synapse,Immune synapse (GO:0001772),9,CSGALNACT1,0.8661471703874717,TAM1/TAM2/microglia,IDH_Mutant,0,1.5890999196292768,82.17244259979813,0.0,2106,deg_pooled_log2fc=2.48 (+1.33); deg_pct_e1=0.151 (+0.52); deg_neglog10_padj=82.2 (+0.36),0,0,0,0,high_score_only
immune_synapse,Immune synapse (GO:0001772),10,LRCH1,0.8655381004448577,TAM1/TAM2/microglia,IDH_Mutant,0,2.0302434676697865,86.99920858924564,0.0,2106,deg_pooled_log2fc=2.5 (+1.32); deg_pct_e1=0.104 (+0.53); comp_tumor=0 (+0.36),0,0,0,0,high_score_only
immune_synapse,Immune synapse (GO:0001772),11,AK4,0.8634525195072138,OPC_GABA_AC_like_tumor,IDH_WT,0,-3.227906185296221,1.7378823428010104,0.0,171,deg_pooled_log2fc=-3.83 (+0.93); deg_pct_diff=-0.143 (+0.61); deg_log2fc=-3.23 (+0.43),0,0,0,0,high_score_only
immune_synapse,Immune synapse (GO:0001772),12,HLA-DQB1,0.8609569467004199,cycling_tumor,IDH_Mutant,0,-6.389090176778849,8.159306206834312,0.0,136,deg_pooled_log2fc=-6.68 (+0.94); deg_pct_diff=-0.327 (+0.73); deg_log2fc=-6.39 (+0.45),0,0,0,0,high_score_only
immune_synapse,Immune synapse (GO:0001772),13,IGFBP2,0.8572269957641598,T cell,IDH_WT,0,1.9606319505994536,31.67643536720067,0.0,1118,deg_pooled_log2fc=2.47 (+1.29); cc_n_cells_e1=2.66e+03 (+0.72); deg_pct_e1=0.106 (+0.56),0,0,0,0,high_score_only
immune_synapse,Immune synapse (GO:0001772),14,CXCR6,0.8550581205763651,T cell,IDH_Mutant,0,-1.8671557029797112,1.6531750193204833,0.0,334,cc_n_cells_e1=2.66e+03 (+0.67); deg_pct_diff=-0.1 (+0.55); deg_pct_e1=0.142 (+0.45),0,0,0,0,high_score_only
immune_synapse,Immune synapse (GO:0001772),15,DIP2B,0.8514074210963607,TAM1/TAM2/microglia,IDH_Mutant,0,1.6108033303644709,85.14436249016786,0.0,2106,deg_pooled_log2fc=2.45 (+1.33); deg_pct_e1=0.147 (+0.51); comp_tumor=0 (+0.34),0,0,0,0,high_score_only
immune_synapse,Immune synapse (GO:0001772),16,HLA-DRB5,0.8508764230709339,cycling_tumor,IDH_Mutant,0,-5.469553657520708,6.950520795754701,0.0,136,deg_pooled_log2fc=-5.03 (+0.94); deg_pct_diff=-0.304 (+0.73); deg_log2fc=-5.47 (+0.45),0,0,0,0,high_score_only
immune_synapse,Immune synapse (GO:0001772),17,CCL2,0.8502117389871865,cycling_tumor,IDH_WT,0,-5.6851742700228405,17.751198622927813,0.0,663,deg_pooled_log2fc=-6 (+0.91); deg_pct_diff=-0.139 (+0.64); deg_pct_e1=0.156 (+0.46),0,0,0,0,high_score_only
immune_synapse,Immune synapse (GO:0001772),18,C3,0.8482687016342811,cycling_tumor,IDH_Mutant,0,-5.7893548254696,16.716723966679133,0.0,136,deg_pooled_log2fc=-5.03 (+0.93); deg_pct_diff=-0.482 (+0.73); deg_log2fc=-5.79 (+0.45),0,0,0,0,high_score_only
immune_synapse,Immune synapse (GO:0001772),19,OS9,0.8481940527983607,OPC_GABA_AC_like_tumor,IDH_WT,0,-2.153087649990701,3.393519801711374,0.0,171,deg_pooled_log2fc=-3.24 (+0.82); deg_log2fc=-2.15 (+0.39); deg_pct_e1=0.358 (+0.33),0,0,0,0,high_score_only
immune_synapse,Immune synapse (GO:0001772),20,ICOS,0.8470327427093963,T cell,IDH_Mutant,0,-3.867011203221304,10.91143565218264,0.0,334,deg_pooled_log2fc=-2.35 (+0.72); cc_n_cells_e1=2.66e+03 (+0.65); deg_pct_diff=-0.193 (+0.57),0,0,0,0,high_score_only
immune_synapse,Immune synapse (GO:0001772),21,AQP4,0.8459960474088213,OPC_GABA_AC_like_tumor,IDH_WT,0,-5.227135646862552,4.882866280487293,0.0,171,deg_pooled_log2fc=-2.96 (+0.81); deg_pct_diff=-0.191 (+0.60); deg_log2fc=-5.23 (+0.43),0,0,0,0,high_score_only
immune_synapse,Immune synapse (GO:0001772),22,HLA-DQA1,0.8438643795555801,cycling_tumor,IDH_WT,0,-4.746705362321017,15.829126599692923,0.0,663,deg_pooled_log2fc=-4.59 (+0.91); deg_pct_diff=-0.126 (+0.65); deg_pct_e1=0.137 (+0.47),0,0,0,0,high_score_only
immune_synapse,Immune synapse (GO:0001772),23,FCGRT,0.843436239889561,T cell,IDH_WT,0,0.9810466539617336,3.3134669245178308,0.0,1118,cc_n_cells_e1=2.66e+03 (+0.74); deg_pct_diff=0.067 (+0.53); deg_pct_e1=0.082 (+0.48),0,0,0,0,high_score_only
immune_synapse,Immune synapse (GO:0001772),24,CCL4L2,0.8433565318101252,cycling_tumor,IDH_WT,0,-5.6224869955371535,7.916885539638513,0.0,663,deg_pooled_log2fc=-4.63 (+0.92); deg_pct_diff=-0.091 (+0.65); deg_pct_e1=0.126 (+0.47),0,0,0,0,high_score_only
immune_synapse,Immune synapse (GO:0001772),25,APOC1,0.8431939709496428,OPC_GABA_AC_like_tumor,IDH_WT,0,-4.39908673173518,10.713950878704772,0.0,171,deg_pooled_log2fc=-2.96 (+0.81); deg_pct_diff=-0.289 (+0.66); deg_log2fc=-4.4 (+0.43),0,0,0,0,high_score_only
